DO_org,DO_w,DO_b,DO_g,,,,DOE_w,DOE_b,DOE_g
7.57825215,7.569668259,7.611028222,7.616017239,,,,0.008583891,-0.032776072,-0.037765089
7.5768231,7.567344983,7.608721422,7.614086993,,,,0.009478117,-0.031898322,-0.037263893
7.6139784,7.604608691,7.645992,7.649406055,,,,0.009369709,-0.0320136,-0.035427655
7.58968455,7.579819102,7.621189323,7.625750326,,,,0.009865448,-0.031504773,-0.036065776
7.5968298,7.588036807,7.629402915,7.633457617,,,,0.008792993,-0.032573115,-0.036627817
7.6139784,7.604718942,7.646114326,7.649680583,,,,0.009259458,-0.032135926,-0.035702183
7.61254935,7.603927335,7.645327114,7.648992389,,,,0.008622015,-0.032777764,-0.036443039
7.5825393,7.573931725,7.615302699,7.620206337,,,,0.008607575,-0.032763399,-0.037667037
7.5968298,7.587319966,7.628714996,7.633207255,,,,0.009509834,-0.031885196,-0.036377455
7.5768231,7.567228146,7.60860318,7.61395482,,,,0.009594954,-0.03178008,-0.03713172
7.6082622,7.59826338,7.639659524,7.643574227,,,,0.00999882,-0.031397324,-0.035312027
7.5968298,7.587222416,7.628598039,7.63282681,,,,0.009607384,-0.031768239,-0.03599701
7.59825885,7.588425433,7.629809796,7.634093363,,,,0.009833417,-0.031550946,-0.035834513
7.5968298,7.587658925,7.629025983,7.633113939,,,,0.009170875,-0.032196183,-0.036284139
7.6111203,7.602117145,7.643502147,7.647066724,,,,0.009003155,-0.032381847,-0.035946424
7.5996879,7.590390456,7.631767963,7.635851211,,,,0.009297444,-0.032080063,-0.036163311
7.5768231,7.567000913,7.608369418,7.613637998,,,,0.009822187,-0.031546318,-0.036814898
7.59254265,7.583401761,7.624793134,7.629452088,,,,0.009140889,-0.032250484,-0.036909438
7.60111695,7.591890402,7.633265019,7.637228755,,,,0.009226548,-0.032148069,-0.036111805
7.59254265,7.583192495,7.624562693,7.628936769,,,,0.009350155,-0.032020043,-0.036394119
7.58682645,7.576998665,7.618365252,7.623032685,,,,0.009827785,-0.031538802,-0.036206235
7.61540745,7.606679787,7.648078952,7.651593469,,,,0.008727663,-0.032671502,-0.036186019
7.5996879,7.590608305,7.63198323,7.636019697,,,,0.009079595,-0.03229533,-0.036331797
7.57825215,7.568336054,7.609713228,7.615031309,,,,0.009916096,-0.031461078,-0.036779159
7.57825215,7.569203933,7.610584145,7.615896087,,,,0.009048217,-0.032331995,-0.037643937
7.58396835,7.574050528,7.61541292,7.620186896,,,,0.009917822,-0.03144457,-0.036218546
7.5882555,7.579768675,7.621142552,7.625757833,,,,0.008486825,-0.032887052,-0.037502333
7.59825885,7.589105413,7.630476787,7.634545682,,,,0.009153437,-0.032217937,-0.036286832
7.59825885,7.589210243,7.630597263,7.634874673,,,,0.009048607,-0.032338413,-0.036615823
7.5911136,7.581649757,7.62301279,7.627372164,,,,0.009463843,-0.03189919,-0.036258564
7.6139784,7.604298052,7.645700818,7.649386269,,,,0.009680348,-0.031722418,-0.035407869
7.573965,7.564453578,7.605815533,7.611137047,,,,0.009511422,-0.031850533,-0.037172047
7.60397505,7.594503542,7.635943402,7.640665343,,,,0.009471508,-0.031968352,-0.036690293
7.57539405,7.56581903,7.607190701,7.612575649,,,,0.00957502,-0.031796651,-0.037181599
7.55252925,7.543514512,7.584931864,7.592462704,,,,0.009014738,-0.032402614,-0.039933454
7.5596745,7.550230128,7.591642205,7.598632046,,,,0.009444372,-0.031967705,-0.038957546
7.5425259,7.53309315,7.574456675,7.581787433,,,,0.00943275,-0.031930775,-0.039261533
7.5682488,7.559494745,7.60091105,7.607368451,,,,0.008754055,-0.03266225,-0.039119651
7.61540745,7.605507696,7.646922316,7.650701719,,,,0.009899754,-0.031514866,-0.035294269
7.62112365,7.612175707,7.653617964,7.657414941,,,,0.008947943,-0.032494314,-0.036291291
7.5368097,7.527965076,7.569325795,7.576962128,,,,0.008844624,-0.032516095,-0.040152428
7.6168365,7.608024643,7.649491994,7.653850206,,,,0.008811857,-0.032655494,-0.037013706
7.6339851,7.624046835,7.665522346,7.669140069,,,,0.009938265,-0.031537246,-0.035154969
7.59825885,7.588591303,7.629963573,7.63407235,,,,0.009667547,-0.031704723,-0.0358135
7.6225527,7.613222832,7.654662233,7.65836662,,,,0.009329868,-0.032109533,-0.03581392
7.59254265,7.582778041,7.62416835,7.628847225,,,,0.009764609,-0.0316257,-0.036304575
7.57253595,7.562559155,7.603980761,7.610327876,,,,0.009976795,-0.031444811,-0.037791926
7.61540745,7.606612806,7.64804682,7.652027333,,,,0.008794644,-0.03263937,-0.036619883
7.61254935,7.60352599,7.644981186,7.649417509,,,,0.00902336,-0.032431836,-0.036868159
7.53252255,7.522705171,7.564047635,7.571735819,,,,0.009817379,-0.031525085,-0.039213269
7.60683315,7.598025995,7.639402711,7.643070728,,,,0.008807155,-0.032569561,-0.036237578
7.54967115,7.539942753,7.581287393,7.587852305,,,,0.009728397,-0.031616243,-0.038181155
7.6082622,7.599306725,7.64076589,7.64549137,,,,0.008955475,-0.03250369,-0.03722917
7.6225527,7.612922643,7.654380392,7.658344874,,,,0.009630057,-0.031827692,-0.035792174
7.55824545,7.548791945,7.590181053,7.596890539,,,,0.009453505,-0.031935603,-0.038645089
7.56110355,7.551539712,7.592946191,7.599758452,,,,0.009563838,-0.031842641,-0.038654902
7.59254265,7.583087263,7.624533388,7.630002587,,,,0.009455387,-0.031990738,-0.037459937
7.52966445,7.520544338,7.561876662,7.569540386,,,,0.009120112,-0.032212212,-0.039875936
7.5853974,7.576773942,7.618205258,7.62382885,,,,0.008623458,-0.032807858,-0.03843145
7.64113035,7.631647962,7.673060974,7.675511332,,,,0.009482388,-0.031930624,-0.034380982
7.6854309,7.675692405,7.717113821,7.717691371,,,,0.009738495,-0.031682921,-0.032260471
7.6768566,7.668165238,7.709635201,7.711074354,,,,0.008691362,-0.032778601,-0.034217754
7.6482756,7.638888571,7.68028207,7.682159694,,,,0.009387029,-0.03200647,-0.033884094
7.659708,7.650683625,7.692102957,7.693744463,,,,0.009024375,-0.032394957,-0.034036463
7.61540745,7.605460107,7.646871529,7.650610945,,,,0.009947343,-0.031464079,-0.035203495
7.61826555,7.609469373,7.650931675,7.655142404,,,,0.008796177,-0.032666125,-0.036876854
7.65827895,7.648828274,7.690286321,7.692467765,,,,0.009450676,-0.032007371,-0.034188815
7.6254108,7.615962108,7.657415465,7.661161459,,,,0.009448692,-0.032004665,-0.035750659
7.6482756,7.639499078,7.680929348,7.683215976,,,,0.008776522,-0.032653748,-0.034940376
7.6711404,7.661812538,7.703215792,7.704184899,,,,0.009327862,-0.032075392,-0.033044499
7.62112365,7.611285153,7.652695582,7.656120377,,,,0.009838497,-0.031571932,-0.034996727
7.66113705,7.652179326,7.693651682,7.695847233,,,,0.008957724,-0.032514632,-0.034710183
7.6397013,7.630672365,7.672123443,7.675092564,,,,0.009028935,-0.032422143,-0.035391264
7.60397505,7.594499953,7.635897369,7.640030572,,,,0.009475097,-0.031922319,-0.036055522
7.65256275,7.643988927,7.685420344,7.687510292,,,,0.008573823,-0.032857594,-0.034947542
7.6768566,7.667615186,7.709095121,7.710672644,,,,0.009241414,-0.032238521,-0.033816044
7.63827225,7.629725628,7.671155223,7.67390235,,,,0.008546622,-0.032882973,-0.0356301
7.60683315,7.598062359,7.639463161,7.64345131,,,,0.008770791,-0.032630011,-0.03661816
7.6539918,7.645282158,7.686696,7.688519055,,,,0.008709642,-0.0327042,-0.034527255
7.65542085,7.646398141,7.687848732,7.690054843,,,,0.009022709,-0.032427882,-0.034633993
7.62112365,7.611807615,7.65327631,7.657448169,,,,0.009316035,-0.03215266,-0.036324519
7.6911471,7.682591134,7.72407076,7.72498899,,,,0.008555966,-0.03292366,-0.03384189
7.6825728,7.673991162,7.715464012,7.716679091,,,,0.008581638,-0.032891212,-0.034106291
7.63541415,7.626747513,7.668176769,7.671065565,,,,0.008666637,-0.032762619,-0.035651415
7.61254935,7.60269617,7.644128879,7.648301415,,,,0.00985318,-0.031579529,-0.035752065
7.6368432,7.627946873,7.669368889,7.672108631,,,,0.008896327,-0.032525689,-0.035265431
7.6111203,7.602307924,7.643695703,7.647286917,,,,0.008812376,-0.032575403,-0.036166617
7.6568499,7.647722301,7.689177052,7.691370875,,,,0.009127599,-0.032327152,-0.034520975
7.6511337,7.642105533,7.683567354,7.686112862,,,,0.009028167,-0.032433654,-0.034979162
7.6482756,7.638404275,7.679833944,7.682165069,,,,0.009871325,-0.031558344,-0.033889469
7.6797147,7.669880752,7.711315642,7.712286876,,,,0.009833948,-0.031600942,-0.032572176
7.62969795,7.621024523,7.662442969,7.665478941,,,,0.008673427,-0.032745019,-0.035780991
7.67256945,7.663807884,7.705189052,7.705831432,,,,0.008761566,-0.032619602,-0.033261982
7.63255605,7.623593513,7.664977794,7.667462897,,,,0.008962537,-0.032421744,-0.034906847
7.6997214,7.691056012,7.732497739,7.732656629,,,,0.008665388,-0.032776339,-0.032935229
7.6339851,7.624497679,7.665882904,7.668336221,,,,0.009487421,-0.031897804,-0.034351121
7.62969795,7.620037637,7.661451128,7.664473475,,,,0.009660313,-0.031753178,-0.034775525
7.68114375,7.671590613,7.712986853,7.71346546,,,,0.009553137,-0.031843103,-0.03232171
7.64398845,7.635174758,7.676605436,7.679102603,,,,0.008813692,-0.032616986,-0.035114153
7.66685325,7.657551966,7.698932337,7.69983207,,,,0.009301284,-0.032079087,-0.03297882
7.6768566,7.667149992,7.708547082,7.709221046,,,,0.009706608,-0.031690482,-0.032364446
7.68971805,7.68010134,7.721510734,7.721777387,,,,0.00961671,-0.031792684,-0.032059337
7.67256945,7.663205084,7.704638929,7.70588864,,,,0.009364366,-0.032069479,-0.03331919
7.6568499,7.647644073,7.689090999,7.691195187,,,,0.009205827,-0.032241099,-0.034345287
7.6911471,7.682282105,7.723683807,7.723780816,,,,0.008864995,-0.032536707,-0.032633716
7.65542085,7.646599439,7.687986797,7.689444174,,,,0.008821411,-0.032565947,-0.034023324
7.6797147,7.670633334,7.712049731,7.712786117,,,,0.009081366,-0.032335031,-0.033071417
7.6854309,7.676991676,7.718430126,7.719137097,,,,0.008439224,-0.032999226,-0.033706197
7.6682823,7.658588239,7.700026064,7.70152525,,,,0.009694061,-0.031743764,-0.03324295
7.68971805,7.68114867,7.722559266,7.722795681,,,,0.00856938,-0.032841216,-0.033077631
7.66971135,7.660504494,7.701929953,7.703203883,,,,0.009206856,-0.032218603,-0.033492533
7.688289,7.678632772,7.720023717,7.720156481,,,,0.009656228,-0.031734717,-0.031867481
7.6225527,7.613755863,7.655149536,7.658233787,,,,0.008796837,-0.032596836,-0.035681087
7.67828565,7.669498833,7.710889178,7.711391811,,,,0.008786817,-0.032603528,-0.033106161
7.64684655,7.63721607,7.678662223,7.681250824,,,,0.00963048,-0.031815673,-0.034404274
7.63541415,7.626620543,7.668038867,7.670797426,,,,0.008793607,-0.032624717,-0.035383276
7.6282689,7.619376217,7.66075377,7.663359434,,,,0.008892683,-0.03248487,-0.035090534
7.65827895,7.649351412,7.690756738,7.692296872,,,,0.008927538,-0.032477788,-0.034017922
7.688289,7.678982974,7.72042808,7.721123133,,,,0.009306026,-0.03213908,-0.032834133
7.688289,7.67986793,7.721281023,7.721596358,,,,0.00842107,-0.032992023,-0.033307358
7.5568164,7.547251941,7.588554075,7.594004608,,,,0.009564459,-0.031737675,-0.037188208
7.5711069,7.561274086,7.602625988,7.607986062,,,,0.009832814,-0.031519088,-0.036879162
7.6739985,7.665545424,7.706945291,7.707717438,,,,0.008453076,-0.032946791,-0.033718938
7.66685325,7.657765146,7.699079234,7.699256022,,,,0.009088104,-0.032225984,-0.032402772
7.6454175,7.635788426,7.677200824,7.679447315,,,,0.009629074,-0.031783324,-0.034029815
7.68114375,7.671571681,7.712997413,7.71379572,,,,0.009572069,-0.031853663,-0.03265197
7.63541415,7.625782775,7.667094732,7.668619087,,,,0.009631375,-0.031680582,-0.033204937
7.6282689,7.618693357,7.660104602,7.663165465,,,,0.009575543,-0.031835702,-0.034896565
7.56681975,7.557631748,7.599006654,7.604933785,,,,0.009188002,-0.032186904,-0.038114035
7.573965,7.565207866,7.606625792,7.612749704,,,,0.008757134,-0.032660792,-0.038784704
7.57825215,7.569058326,7.610366441,7.614655028,,,,0.009193824,-0.032114291,-0.036402878
7.5882555,7.578535476,7.619902949,7.624496865,,,,0.009720024,-0.031647449,-0.036241365
7.66971135,7.660062386,7.701405541,7.701795848,,,,0.009648964,-0.031694191,-0.032084498
7.61254935,7.603515275,7.644928432,7.648793235,,,,0.009034075,-0.032379082,-0.036243885
7.61826555,7.609223855,7.650576771,7.653371337,,,,0.009041695,-0.032311221,-0.035105787
7.6054041,7.596870191,7.638227699,7.641702785,,,,0.008533909,-0.032823599,-0.036298685
7.6797147,7.669919508,7.711379162,7.712624464,,,,0.009795192,-0.031664462,-0.032909764
7.65256275,7.64368077,7.685010087,7.685942519,,,,0.00888198,-0.032447337,-0.033379769
7.6111203,7.6018676,7.643213465,7.646284019,,,,0.0092527,-0.032093165,-0.035163719
7.59540075,7.585680022,7.627011409,7.630723955,,,,0.009720728,-0.031610659,-0.035323205
7.61254935,7.602880241,7.644296341,7.648234228,,,,0.009669109,-0.031746991,-0.035684878
7.58968455,7.580525574,7.621930246,7.626942102,,,,0.009158976,-0.032245696,-0.037257552
7.64113035,7.632041821,7.67335539,7.674619215,,,,0.009088529,-0.03222504,-0.033488865
7.65256275,7.643610286,7.685049327,7.687247893,,,,0.008952464,-0.032486577,-0.034685143
7.6654242,7.655831755,7.697248263,7.698627209,,,,0.009592445,-0.031824063,-0.033203009
7.6654242,7.655902859,7.697264945,7.698034452,,,,0.009521341,-0.031840745,-0.032610252
7.63255605,7.624009175,7.665313053,7.666824032,,,,0.008546875,-0.032757003,-0.034267982
7.5796812,7.570295743,7.611662966,7.616721112,,,,0.009385457,-0.031981766,-0.037039912
7.70115045,7.691613624,7.733055204,7.733189891,,,,0.009536826,-0.031904754,-0.032039441
7.67828565,7.669094828,7.710459511,7.710705771,,,,0.009190822,-0.032173861,-0.032420121
7.6368432,7.628007225,7.669313719,7.670675902,,,,0.008835975,-0.032470519,-0.033832702
7.69257615,7.68345995,7.724964354,7.726119109,,,,0.0091162,-0.032388204,-0.033542959
7.52680635,7.516796763,7.558072114,7.565024249,,,,0.010009587,-0.031265764,-0.038217899
7.53823875,7.528732103,7.570039777,7.576734527,,,,0.009506647,-0.031801027,-0.038495777
7.65827895,7.649391213,7.690895611,7.693612745,,,,0.008887737,-0.032616661,-0.035333795
7.6196946,7.60981187,7.65109914,7.653064657,,,,0.00988273,-0.03140454,-0.033370057
7.62969795,7.620369552,7.661795703,7.664962386,,,,0.009328398,-0.032097753,-0.035264436
7.68971805,7.681033172,7.722381428,7.72197913,,,,0.008684878,-0.032663378,-0.03226108
7.516803,7.507451999,7.548797216,7.557651874,,,,0.009351001,-0.031994216,-0.040848874
7.51823205,7.509456866,7.550783084,7.559135985,,,,0.008775184,-0.032551034,-0.040903935
7.64113035,7.63146988,7.6727922,7.674180912,,,,0.00966047,-0.03166185,-0.033050562
7.545384,7.536238592,7.577524395,7.583394993,,,,0.009145408,-0.032140395,-0.038010993
7.59825885,7.588705874,7.630025761,7.633429257,,,,0.009552976,-0.031766911,-0.035170407
7.68971805,7.680163269,7.721521681,7.721256839,,,,0.009554781,-0.031803631,-0.031538789
7.56967785,7.56016898,7.601560548,7.607588283,,,,0.00950887,-0.031882698,-0.037910433
7.60397505,7.594234245,7.635680247,7.640504348,,,,0.009740805,-0.031705197,-0.036529298
7.59254265,7.583783618,7.625160564,7.629595942,,,,0.008759032,-0.032617914,-0.037053292
7.48393485,7.474833845,7.516058103,7.525142564,,,,0.009101005,-0.032123253,-0.041207714
7.6139784,7.604434609,7.645769539,7.648574277,,,,0.009543791,-0.031791139,-0.034595877
7.63541415,7.626900537,7.668372155,7.671792721,,,,0.008513613,-0.032958005,-0.036378571
7.53252255,7.522889607,7.564106737,7.569740109,,,,0.009632943,-0.031584187,-0.037217559
7.67828565,7.669574272,7.710990484,7.711769798,,,,0.008711378,-0.032704834,-0.033484148
7.55824545,7.548182962,7.589560754,7.596127295,,,,0.010062488,-0.031315304,-0.037881845
7.49536725,7.485675494,7.526978558,7.536742814,,,,0.009691756,-0.031611308,-0.041375564
7.5596745,7.550120777,7.591448326,7.597109876,,,,0.009553723,-0.031773826,-0.037435376
7.51251585,7.503295313,7.544631199,7.553629536,,,,0.009220537,-0.032115349,-0.041113686
7.64684655,7.638005306,7.679329603,7.680452396,,,,0.008841244,-0.032483053,-0.033605846
7.56110355,7.552363714,7.593715879,7.599616869,,,,0.008739836,-0.032612329,-0.038513319
7.6425594,7.633279721,7.674734906,7.677626989,,,,0.009279679,-0.032175506,-0.035067589
7.5653907,7.555946239,7.597216151,7.601696076,,,,0.009444461,-0.031825451,-0.036305376
7.61826555,7.6093454,7.650763785,7.654392666,,,,0.00892015,-0.032498235,-0.036127116
7.6339851,7.624198553,7.665718821,7.669925324,,,,0.009786547,-0.031733721,-0.035940224
7.6797147,7.670120562,7.711696954,7.714298516,,,,0.009594138,-0.031982254,-0.034583816
7.60683315,7.598131891,7.639563984,7.643976204,,,,0.008701259,-0.032730834,-0.037143054
7.63827225,7.629482645,7.670999538,7.674880193,,,,0.008789605,-0.032727288,-0.036607943
7.7197281,7.710558753,7.752078835,7.752263759,,,,0.009169347,-0.032350735,-0.032535659
7.58111025,7.571499997,7.612933441,7.61890864,,,,0.009610253,-0.031823191,-0.03779839
7.6739985,7.664251028,7.705866597,7.70924518,,,,0.009747472,-0.031868097,-0.03524668
7.5796812,7.570343626,7.611821942,7.618574523,,,,0.009337574,-0.032140742,-0.038893323
7.6625661,7.653582225,7.695185115,7.69894442,,,,0.008983875,-0.032619015,-0.03637832
7.68114375,7.67187659,7.713317617,7.714270725,,,,0.00926716,-0.032173867,-0.033126975
7.7082957,7.698516342,7.740020667,7.740534368,,,,0.009779358,-0.031724967,-0.032238668
7.70972475,7.701241837,7.742736622,7.743036558,,,,0.008482913,-0.033011872,-0.033311808
7.66685325,7.657943925,7.69953546,7.702924704,,,,0.008909325,-0.03268221,-0.036071454
7.66399515,7.654213568,7.695719066,7.698217853,,,,0.009781582,-0.031723916,-0.034222703
7.70115045,7.692219455,7.733787792,7.735276565,,,,0.008930995,-0.032637342,-0.034126115
7.57825215,7.568830745,7.610312633,7.617221091,,,,0.009421405,-0.032060483,-0.038968941
7.69257615,7.683692699,7.725257849,7.727092878,,,,0.008883451,-0.032681699,-0.034516728
7.6997214,7.690256727,7.731826221,7.733415549,,,,0.009464673,-0.032104821,-0.033694149
7.58682645,7.577090411,7.618621426,7.625789431,,,,0.009736039,-0.031794976,-0.038962981
7.64398845,7.634803695,7.676248183,7.678932853,,,,0.009184755,-0.032259733,-0.034944403
7.63541415,7.62662572,7.6681302,7.671995874,,,,0.00878843,-0.03271605,-0.036581724
7.69829235,7.688745812,7.730297177,7.731747507,,,,0.009546538,-0.032004827,-0.033455157
7.5768231,7.567616568,7.60906009,7.615433294,,,,0.009206532,-0.03223699,-0.038610194
7.60969125,7.600825543,7.642357386,7.648049563,,,,0.008865707,-0.032666136,-0.038358313
7.63255605,7.622943077,7.664480543,7.668990644,,,,0.009612973,-0.031924493,-0.036434594
7.6997214,7.690111723,7.731691687,7.733407533,,,,0.009609677,-0.031970287,-0.033686133
7.57253595,7.5630568,7.604469158,7.610640303,,,,0.00947915,-0.031933208,-0.038104353
7.5968298,7.586859548,7.62832606,7.633874755,,,,0.009970252,-0.03149626,-0.037044955
7.6282689,7.618385899,7.659968361,7.665374329,,,,0.009883001,-0.031699461,-0.037105429
7.61254935,7.60292008,7.644411594,7.649392749,,,,0.00962927,-0.031862244,-0.036843399
7.6482756,7.638930537,7.680542414,7.685204862,,,,0.009345063,-0.032266814,-0.036929262
7.68400185,7.675429722,7.717010001,7.719406303,,,,0.008572128,-0.033008151,-0.035404453
7.61254935,7.603301289,7.644807724,7.6499817,,,,0.009248061,-0.032258374,-0.03743235
7.67542755,7.666468019,7.708021446,7.710518211,,,,0.008959531,-0.032593896,-0.035090661
7.61826555,7.608826576,7.650327867,7.655114698,,,,0.009438974,-0.032062317,-0.036849148
7.63541415,7.626234607,7.667795569,7.672450524,,,,0.009179543,-0.032381419,-0.037036374
7.6797147,7.670423335,7.711974716,7.714260019,,,,0.009291365,-0.032260016,-0.034545319
7.6568499,7.647870923,7.689418284,7.692750275,,,,0.008978977,-0.032568384,-0.035900375
7.6339851,7.624600506,7.666150506,7.670743181,,,,0.009384594,-0.032165406,-0.036758081
7.65542085,7.646325443,7.6878615,7.691126846,,,,0.009095407,-0.03244065,-0.035705996
7.6454175,7.636126173,7.677654408,7.681338535,,,,0.009291327,-0.032236908,-0.035921035
7.66399515,7.654796066,7.696326091,7.699097446,,,,0.009199084,-0.032330941,-0.035102296
7.67542755,7.665862214,7.707412713,7.709902809,,,,0.009565336,-0.031985163,-0.034475259
7.6739985,7.664444899,7.706014197,7.708802239,,,,0.009553601,-0.032015697,-0.034803739
7.6539918,7.644465034,7.686012209,7.689514555,,,,0.009526766,-0.032020409,-0.035522755
7.63827225,7.628497563,7.670057784,7.674578061,,,,0.009774687,-0.031785534,-0.036305811
7.6511337,7.641567101,7.683120579,7.686854115,,,,0.009566599,-0.031986879,-0.035720415
7.6797147,7.670759275,7.712329665,7.714827846,,,,0.008955425,-0.032614965,-0.035113146
7.66113705,7.651964369,7.69351558,7.696691297,,,,0.009172681,-0.03237853,-0.035554247
7.6682823,7.658808136,7.700387562,7.703579295,,,,0.009474164,-0.032105262,-0.035296995
7.6654242,7.655519244,7.697066838,7.700021123,,,,0.009904956,-0.031642638,-0.034596923
7.62398175,7.614251997,7.655790545,7.660800289,,,,0.009729753,-0.031808795,-0.036818539
7.6797147,7.670565565,7.712143185,7.714738411,,,,0.009149135,-0.032428485,-0.035023711
7.64113035,7.631224475,7.672770858,7.67695451,,,,0.009905875,-0.031640508,-0.03582416
7.68971805,7.680327847,7.721908598,7.724081181,,,,0.009390203,-0.032190548,-0.034363131
7.64398845,7.635299757,7.67681809,7.680415365,,,,0.008688693,-0.03282964,-0.036426915
7.6654242,7.656863961,7.698401124,7.701160281,,,,0.008560239,-0.032976924,-0.035736081
7.63541415,7.625432802,7.66699836,7.671761975,,,,0.009981348,-0.03158421,-0.036347825
7.61540745,7.606141824,7.647648222,7.652659157,,,,0.009265626,-0.032240772,-0.037251707
7.688289,7.6788978,7.720458263,7.722457714,,,,0.0093912,-0.032169263,-0.034168714
7.67828565,7.669332378,7.710922086,7.713724878,,,,0.008953272,-0.032636436,-0.035439228
7.6739985,7.664526082,7.706039639,7.708149888,,,,0.009472418,-0.032041139,-0.034151388
7.7197281,7.710792716,7.752424451,7.753808959,,,,0.008935384,-0.032696351,-0.034080859
7.8454845,7.836533443,7.878031122,7.873644453,,,,0.008951057,-0.032546622,-0.028159953
7.73830575,7.72937667,7.770922934,7.770624698,,,,0.00892908,-0.032617184,-0.032318948
7.8769236,7.868307767,7.909906107,7.905344821,,,,0.008615833,-0.032982507,-0.028421221
7.7225862,7.714148427,7.755729296,7.756410424,,,,0.008437773,-0.033143096,-0.033824224
7.8454845,7.836060864,7.877445266,7.872224376,,,,0.009423636,-0.031960766,-0.026739876
7.83833925,7.829684549,7.871206008,7.867212441,,,,0.008654701,-0.032866758,-0.028873191
7.73544765,7.726257652,7.767892116,7.768641638,,,,0.009189998,-0.032444466,-0.033193988
7.83833925,7.829429,7.8708797,7.866344205,,,,0.00891025,-0.03254045,-0.028004955
7.75831245,7.74977699,7.791209612,7.78907504,,,,0.00853546,-0.032897162,-0.03076259
7.79546775,7.78618819,7.827738485,7.825395569,,,,0.00927956,-0.032270735,-0.029927819
7.80690015,7.798145213,7.839627418,7.83630575,,,,0.008754937,-0.032727268,-0.0294056
7.80404205,7.794535187,7.836030607,7.832935935,,,,0.009506863,-0.031988557,-0.028893885
7.8369102,7.828317807,7.869748377,7.865092719,,,,0.008592393,-0.032838177,-0.028182519
7.86692025,7.858146064,7.899756726,7.895595344,,,,0.008774186,-0.032836476,-0.028675094
7.86120405,7.85238535,7.893871757,7.888934565,,,,0.0088187,-0.032667707,-0.027730515
7.8769236,7.867525549,7.909043331,7.903903617,,,,0.009398051,-0.032119731,-0.026980017
7.7797482,7.770602386,7.812162996,7.810458496,,,,0.009145814,-0.032414796,-0.030710296
7.68685995,7.678426245,7.719895754,7.72088138,,,,0.008433705,-0.033035804,-0.03402143
7.75259625,7.743375067,7.785027022,7.785254197,,,,0.009221183,-0.032430772,-0.032657947
7.71258285,7.703308785,7.744780781,7.744759188,,,,0.009274065,-0.032197931,-0.032176338
7.78689345,7.77789805,7.819353953,7.816470339,,,,0.0089954,-0.032460503,-0.029576889
7.82119065,7.81197512,7.853386918,7.849072379,,,,0.00921553,-0.032196268,-0.027881729
7.8740655,7.865766602,7.907373263,7.902951199,,,,0.008298898,-0.033307763,-0.028885699
7.8483426,7.839467275,7.880976106,7.876587626,,,,0.008875325,-0.032633506,-0.028245026
7.7968968,7.787237076,7.828793317,7.826466999,,,,0.009659724,-0.031896517,-0.029570199
7.66971135,7.660241671,7.701734544,7.703798609,,,,0.009469679,-0.032023194,-0.034087259
7.7225862,7.71293257,7.754520695,7.755331483,,,,0.00965363,-0.031934495,-0.032745283
7.7111538,7.702429143,7.744003955,7.745118174,,,,0.008724657,-0.032850155,-0.033964374
7.8083292,7.799015778,7.84059214,7.838041473,,,,0.009313422,-0.03226294,-0.029712273
7.65827895,7.649081063,7.690557748,7.692951286,,,,0.009197887,-0.032278798,-0.034672336
7.6454175,7.635595062,7.677134841,7.68099878,,,,0.009822438,-0.031717341,-0.03558128
7.60397505,7.59525387,7.636812441,7.64325299,,,,0.00872118,-0.032837391,-0.03927794
7.6682823,7.659516929,7.701002077,7.703008438,,,,0.008765371,-0.032719777,-0.034726138
7.6482756,7.639153989,7.680734573,7.684956326,,,,0.009121611,-0.032458973,-0.036680726
7.68685995,7.676991842,7.718595938,7.721206155,,,,0.009868108,-0.031735988,-0.034346205
7.63541415,7.626224557,7.66778303,7.672403927,,,,0.009189593,-0.03236888,-0.036989777
7.7054376,7.696346447,7.737924866,7.739345124,,,,0.009091153,-0.032487266,-0.033907524
7.69257615,7.683344788,7.72482341,7.725698416,,,,0.009231362,-0.03224726,-0.033122266
7.58682645,7.577451478,7.618911803,7.624934485,,,,0.009374972,-0.032085353,-0.038108035
7.6682823,7.658386933,7.699930655,7.702696908,,,,0.009895367,-0.031648355,-0.034414608
7.62683985,7.617677035,7.659267068,7.664825377,,,,0.009162815,-0.032427218,-0.037985527
7.6168365,7.606864413,7.648393773,7.653694621,,,,0.009972087,-0.031557273,-0.036858121
7.69829235,7.689113102,7.730620529,7.731564765,,,,0.009179248,-0.032328179,-0.033272415
7.69257615,7.683036703,7.724578929,7.726179353,,,,0.009539447,-0.032002779,-0.033603203
7.6196946,7.610469153,7.652024899,7.657501597,,,,0.009225447,-0.032330299,-0.037806997
7.68400185,7.674876889,7.716420421,7.718406018,,,,0.009124961,-0.032418571,-0.034404168
7.6797147,7.670403373,7.711905812,7.713616851,,,,0.009311327,-0.032191112,-0.033902151
7.6111203,7.602412837,7.64387235,7.648429951,,,,0.008707463,-0.03275205,-0.037309651
7.5853974,7.576663169,7.618121212,7.624157238,,,,0.008734231,-0.032723812,-0.038759838
7.58396835,7.574675593,7.616154121,7.622633191,,,,0.009292757,-0.032185771,-0.038664841
7.58968455,7.580080199,7.621532309,7.627270261,,,,0.009604351,-0.031847759,-0.037585711
7.63541415,7.625772857,7.667236408,7.670610126,,,,0.009641293,-0.031822258,-0.035195976
7.67256945,7.663102198,7.704564381,7.70614057,,,,0.009467252,-0.031994931,-0.03357112
7.66113705,7.65224397,7.693758614,7.696463929,,,,0.00889308,-0.032621564,-0.035326879
7.6568499,7.646923174,7.688527303,7.692652027,,,,0.009926726,-0.031677403,-0.035802127
7.5825393,7.572566633,7.614030283,7.620408151,,,,0.009972667,-0.031490983,-0.037868851
7.6397013,7.629690224,7.671279207,7.676134366,,,,0.010011076,-0.031577907,-0.036433066
7.5825393,7.57290223,7.614345929,7.62039261,,,,0.00963707,-0.031806629,-0.03785331
7.63541415,7.625857315,7.667434789,7.672342374,,,,0.009556835,-0.032020639,-0.036928224
7.66113705,7.651932014,7.693488799,7.696736889,,,,0.009205036,-0.032351749,-0.035599839
7.67542755,7.665430511,7.707034664,7.710209254,,,,0.009997039,-0.031607114,-0.034781704
7.68114375,7.671887211,7.713452962,7.715841738,,,,0.009256539,-0.032309212,-0.034697988
7.6854309,7.676932679,7.718534409,7.721118671,,,,0.008498221,-0.033103509,-0.035687771
7.68114375,7.672083729,7.713648648,7.716018146,,,,0.009060021,-0.032504898,-0.034874396
7.6682823,7.659752926,7.701307854,7.704146282,,,,0.008529374,-0.033025554,-0.035863982
7.68400185,7.674277141,7.715857155,7.718304742,,,,0.009724709,-0.031855305,-0.034302892
7.6625661,7.654005532,7.695559128,7.698663456,,,,0.008560568,-0.032993028,-0.036097356
7.69543425,7.68672108,7.728288263,7.730009727,,,,0.00871317,-0.032854013,-0.034575477
7.7054376,7.696361576,7.737948952,7.73946998,,,,0.009076024,-0.032511352,-0.03403238
7.67828565,7.669591007,7.711139101,7.713424144,,,,0.008694643,-0.032853451,-0.035138494
7.7025795,7.693123733,7.734723794,7.736535449,,,,0.009455767,-0.032144294,-0.033955949
7.64684655,7.637444035,7.678989678,7.682834545,,,,0.009402515,-0.032143128,-0.035987995
7.68114375,7.671810562,7.713385106,7.715883623,,,,0.009333188,-0.032241356,-0.034739873
7.6739985,7.664662254,7.70627168,7.709551366,,,,0.009336246,-0.03227318,-0.035552866
7.6739985,7.664520496,7.706081104,7.708758612,,,,0.009478004,-0.032082604,-0.034760112
7.6825728,7.67404864,7.715641631,7.718257427,,,,0.00852416,-0.033068831,-0.035684627
7.7025795,7.69324208,7.734853574,7.736792578,,,,0.00933742,-0.032274074,-0.034213078
7.6797147,7.669860724,7.711425961,7.71390446,,,,0.009853976,-0.031711261,-0.03418976
7.6797147,7.670558798,7.712120374,7.714521629,,,,0.009155902,-0.032405674,-0.034806929
7.6911471,7.681682522,7.723275643,7.725532054,,,,0.009464578,-0.032128543,-0.034384954
7.70115045,7.692494848,7.734103401,7.736042251,,,,0.008655602,-0.032952951,-0.034891801
7.67828565,7.66907954,7.710657658,7.713330251,,,,0.00920611,-0.032372008,-0.035044601
7.688289,7.678975789,7.720577042,7.72305833,,,,0.009313211,-0.032288042,-0.03476933
7.6654242,7.656599726,7.698178681,7.701474905,,,,0.008824474,-0.032754481,-0.036050705
7.69543425,7.685601262,7.72716569,7.728905926,,,,0.009832988,-0.03173144,-0.033471676
7.67542755,7.666000571,7.707551083,7.710034764,,,,0.009426979,-0.032123533,-0.034607214
7.66971135,7.65972311,7.701325846,7.704768767,,,,0.00998824,-0.031614496,-0.035057417
7.6768566,7.667384865,7.708997816,7.712186297,,,,0.009471735,-0.032141216,-0.035329697
7.68400185,7.674990044,7.716604796,7.719442072,,,,0.009011806,-0.032602946,-0.035440222
7.6968633,7.687792203,7.729375678,7.731237085,,,,0.009071097,-0.032512378,-0.034373785
7.73544765,7.726023617,7.767566333,7.767364355,,,,0.009424033,-0.032118683,-0.031916705
7.73830575,7.729134854,7.770619029,7.769714167,,,,0.009170896,-0.032313279,-0.031408417
7.7654577,7.75569415,7.797185438,7.795375171,,,,0.00976355,-0.031727738,-0.029917471
7.7768901,7.768420261,7.809908704,7.807627913,,,,0.008469839,-0.033018604,-0.030737813
7.7140119,7.705335876,7.746843732,7.747113537,,,,0.008676024,-0.032831832,-0.033101637
7.7425929,7.733882476,7.775374109,7.774362925,,,,0.008710424,-0.032781209,-0.031770025
7.77546105,7.765701246,7.807203993,7.805145429,,,,0.009759804,-0.031742943,-0.029684379
7.72973145,7.72122788,7.762787776,7.762954785,,,,0.00850357,-0.033056326,-0.033223335
7.78975155,7.780408463,7.821919904,7.819432317,,,,0.009343087,-0.032168354,-0.029680767
7.78689345,7.778492468,7.820013857,7.817679157,,,,0.008400982,-0.033120407,-0.030785707
7.78117725,7.772537079,7.814061683,7.811961383,,,,0.008640171,-0.032884433,-0.030784133
7.7597415,7.751089663,7.792561332,7.790734777,,,,0.008651837,-0.032819832,-0.030993277
7.7625996,7.753356448,7.79485123,7.793156452,,,,0.009243152,-0.03225163,-0.030556852
7.7368767,7.727757676,7.769285761,7.768867792,,,,0.009119024,-0.032409061,-0.031991092
7.7540253,7.745611878,7.787087996,7.785498448,,,,0.008413422,-0.033062696,-0.031473148
7.77831915,7.769095555,7.810596774,7.808406485,,,,0.009223595,-0.032277624,-0.030087335
7.7283024,7.719431483,7.760952116,7.760786336,,,,0.008870917,-0.032649716,-0.032483936
7.73830575,7.729080562,7.770628049,7.770353838,,,,0.009225188,-0.032322299,-0.032048088
7.77546105,7.766398628,7.807869732,7.805504718,,,,0.009062422,-0.032408682,-0.030043668
7.74402195,7.735033051,7.776550354,7.775745393,,,,0.008988899,-0.032528404,-0.031723443
7.73544765,7.726005764,7.767515113,7.766977843,,,,0.009441886,-0.032067463,-0.031530193
7.72973145,7.720762761,7.762246383,7.761655708,,,,0.008968689,-0.032514933,-0.031924258
7.76117055,7.752551202,7.794071447,7.792642897,,,,0.008619348,-0.032900897,-0.031472347
7.73258955,7.72332104,7.764887919,7.76504278,,,,0.00926851,-0.032298369,-0.03245323
7.7625996,7.752785288,7.794245271,7.792252442,,,,0.009814312,-0.031645671,-0.029652842
7.74116385,7.731928398,7.773437294,7.772668082,,,,0.009235452,-0.032273444,-0.031504232
7.7597415,7.750671496,7.792202978,7.790949451,,,,0.009070004,-0.032461478,-0.031207951
7.7511672,7.742340741,7.7838942,7.78316548,,,,0.008826459,-0.032727,-0.03199828
7.74688005,7.73719122,7.778731954,7.77807497,,,,0.00968883,-0.031851904,-0.03119492
7.75545435,7.746599719,7.788075298,7.78644517,,,,0.008854631,-0.032620948,-0.03099082
7.7368767,7.72701878,7.768567137,7.768383187,,,,0.00985792,-0.031690437,-0.031506487
7.65827895,7.64884891,7.690315607,7.692599695,,,,0.00943004,-0.032036657,-0.034320745
7.688289,7.67865228,7.720146211,7.721393644,,,,0.00963672,-0.031857211,-0.033104644
7.6539918,7.644392941,7.685859051,7.688347393,,,,0.009598859,-0.031867251,-0.034355593
7.68685995,7.677463924,7.718943133,7.720077886,,,,0.009396026,-0.032083183,-0.033217936
7.68400185,7.675399505,7.716867256,7.717964147,,,,0.008602345,-0.032865406,-0.033962297
7.6654242,7.655923548,7.697384771,7.699275253,,,,0.009500652,-0.031960571,-0.033851053
7.66971135,7.660817597,7.702312202,7.704370074,,,,0.008893753,-0.032600852,-0.034658724
7.67256945,7.663633681,7.70512475,7.707011443,,,,0.008935769,-0.0325553,-0.034441993
7.68114375,7.671973873,7.713421462,7.714442885,,,,0.009169877,-0.032277712,-0.033299135
7.65827895,7.648660415,7.690117263,7.692292236,,,,0.009618535,-0.031838313,-0.034013286
7.66971135,7.660453473,7.701906881,7.703501174,,,,0.009257877,-0.032195531,-0.033789824
7.68685995,7.678237165,7.719710432,7.720745729,,,,0.008622785,-0.032850482,-0.033885779
7.68685995,7.678039502,7.719537713,7.720860139,,,,0.008820448,-0.032677763,-0.034000189
7.64398845,7.634655522,7.676104144,7.678847173,,,,0.009332928,-0.032115694,-0.034858723
7.66113705,7.652467798,7.69392568,7.695935921,,,,0.008669252,-0.03278863,-0.034798871
7.6682823,7.659695238,7.701160439,7.702925229,,,,0.008587062,-0.032878139,-0.034642929
7.66971135,7.660225822,7.701702917,7.703582146,,,,0.009485528,-0.031991567,-0.033870796
7.66685325,7.657707123,7.699182969,7.701163201,,,,0.009146127,-0.032329719,-0.034309951
7.6654242,7.656330862,7.697816388,7.699975033,,,,0.009093338,-0.032392188,-0.034550833
7.6711404,7.661334066,7.702828005,7.704854122,,,,0.009806334,-0.031687605,-0.033713722
7.66113705,7.652055661,7.693516773,7.695584307,,,,0.009081389,-0.032379723,-0.034447257
7.68685995,7.677921649,7.719390869,7.720395019,,,,0.008938301,-0.032530919,-0.033535069
7.6825728,7.673030488,7.714512919,7.715878017,,,,0.009542312,-0.031940119,-0.033305217
7.66113705,7.652171396,7.693620536,7.695541484,,,,0.008965654,-0.032483486,-0.034404434
7.67542755,7.666905267,7.708362528,7.70971345,,,,0.008522283,-0.032934978,-0.0342859
7.64684655,7.637890839,7.67935491,7.682131967,,,,0.008955711,-0.03250836,-0.035285417
7.65542085,7.646662812,7.688127804,7.690494604,,,,0.008758038,-0.032706954,-0.035073754
7.64970465,7.640195368,7.681652266,7.684229272,,,,0.009509282,-0.031947616,-0.034524622
7.65256275,7.644065632,7.68554893,7.688263785,,,,0.008497118,-0.03298618,-0.035701035
7.68685995,7.678389491,7.719858294,7.720837702,,,,0.008470459,-0.032998344,-0.033977752
7.6739985,7.664814537,7.706306992,7.708155915,,,,0.009183963,-0.032308492,-0.034157415
7.6368432,7.628204851,7.66956641,7.671560192,,,,0.008638349,-0.03272321,-0.034716992
7.67256945,7.662773934,7.70420553,7.705448866,,,,0.009795516,-0.03163608,-0.032879416
7.65542085,7.646056953,7.687467874,7.689221502,,,,0.009363897,-0.032047024,-0.033800652
7.6139784,7.605078299,7.646494207,7.650313327,,,,0.008900101,-0.032515807,-0.036334927
7.61254935,7.603405751,7.644745901,7.647667185,,,,0.009143599,-0.032196551,-0.035117835
7.659708,7.650047091,7.691438095,7.692783772,,,,0.009660909,-0.031730095,-0.033075772
7.6254108,7.616265422,7.657690092,7.661045248,,,,0.009145378,-0.032279292,-0.035634448
7.59540075,7.585586106,7.626987707,7.631668786,,,,0.009814644,-0.031586957,-0.036268036
7.6054041,7.596466365,7.637836851,7.641503814,,,,0.008937735,-0.032432751,-0.036099714
7.6225527,7.612907255,7.654278954,7.65712767,,,,0.009645445,-0.031726254,-0.03457497
7.6425594,7.634122674,7.675494666,7.67733853,,,,0.008436726,-0.032935266,-0.03477913
7.5882555,7.5785706,7.619945431,7.624641358,,,,0.0096849,-0.031689931,-0.036385858
7.6397013,7.629886908,7.671228649,7.672912394,,,,0.009814392,-0.031527349,-0.033211094
7.6139784,7.604421872,7.645815566,7.649375006,,,,0.009556528,-0.031837166,-0.035396606
7.61254935,7.60346604,7.644829018,7.648038236,,,,0.00908331,-0.032279668,-0.035488886
7.59825885,7.589458384,7.630800375,7.634455844,,,,0.008800466,-0.032541525,-0.036196994
7.5911136,7.581413916,7.622800663,7.627505683,,,,0.009699684,-0.031687063,-0.036392083
7.63255605,7.62296392,7.66434043,7.666760762,,,,0.00959213,-0.03178438,-0.034204712
7.6254108,7.616358935,7.657783467,7.661132084,,,,0.009051865,-0.032372667,-0.035721284
7.6225527,7.613609124,7.654983091,7.657825696,,,,0.008943576,-0.032430391,-0.035272996
7.6539918,7.644583182,7.685994268,7.687817051,,,,0.009408618,-0.032002468,-0.033825251
7.6339851,7.625482801,7.666849116,7.669026751,,,,0.008502299,-0.032864016,-0.035041651
7.62398175,7.614363381,7.655776392,7.659077714,,,,0.009618369,-0.031794642,-0.035095964
7.6397013,7.630843329,7.672254741,7.674724062,,,,0.008857971,-0.032553441,-0.035022762
7.60111695,7.591855387,7.633265709,7.637720738,,,,0.009261563,-0.032148759,-0.036603788
7.60683315,7.597976203,7.639353222,7.643027848,,,,0.008856947,-0.032520072,-0.036194698
7.6082622,7.598367479,7.639766027,7.643707544,,,,0.009894721,-0.031503827,-0.035445344
7.659708,7.649857562,7.691269812,7.692866846,,,,0.009850438,-0.031561812,-0.033158846
7.63827225,7.629585536,7.670960591,7.673050672,,,,0.008686714,-0.032688341,-0.034778422
7.4482086,7.438311776,7.479402032,7.488788584,,,,0.009896824,-0.031193432,-0.040579984
7.45249575,7.442621175,7.483688365,7.492276207,,,,0.009874575,-0.031192615,-0.039780457
7.459641,7.450027593,7.491086106,7.498951271,,,,0.009613407,-0.031445106,-0.039310271
7.4624991,7.453014814,7.494083662,7.501916946,,,,0.009484286,-0.031584562,-0.039417846
7.4624991,7.453011749,7.49414405,7.503172288,,,,0.009487351,-0.03164495,-0.040673188
7.42963095,7.419850513,7.460919706,7.471461073,,,,0.009780437,-0.031288756,-0.041830123
7.459641,7.450936683,7.491997348,7.499834761,,,,0.008704317,-0.032356348,-0.040193761
7.4139114,7.404803985,7.445852477,7.457344176,,,,0.009107415,-0.031941077,-0.043432776
7.4682153,7.459072895,7.500179188,7.508247964,,,,0.009142405,-0.031963888,-0.040032664
7.40390805,7.394147065,7.435157852,7.446808905,,,,0.009760985,-0.031249802,-0.042900855
7.41819855,7.408698732,7.449743601,7.460774528,,,,0.009499818,-0.031545051,-0.042575978
7.47250245,7.463065011,7.504174147,7.51200058,,,,0.009437439,-0.031671697,-0.03949813
7.459641,7.450449344,7.491535373,7.499877275,,,,0.009191656,-0.031894373,-0.040236275
7.4510667,7.442129901,7.483225217,7.49240041,,,,0.008936799,-0.032158517,-0.04133371
7.45821195,7.448443164,7.489553775,7.498522448,,,,0.009768786,-0.031341825,-0.040310498
7.4539248,7.445335942,7.486400776,7.494734663,,,,0.008588858,-0.032475976,-0.040809863
7.41534045,7.406314972,7.447322603,7.457738902,,,,0.009025478,-0.031982153,-0.042398452
7.47536055,7.466247187,7.507340015,7.514649562,,,,0.009113363,-0.031979465,-0.039289012
7.4167695,7.407235407,7.448259047,7.458946454,,,,0.009534093,-0.031489547,-0.042176954
7.44963765,7.440114195,7.481224964,7.490878592,,,,0.009523455,-0.031587314,-0.041240942
7.4196276,7.41103175,7.45206691,7.462661237,,,,0.00859585,-0.03243931,-0.043033637
7.45535385,7.445962398,7.487043076,7.495628861,,,,0.009391452,-0.031689226,-0.040275011
7.46392815,7.454867902,7.495967512,7.504227967,,,,0.009060248,-0.032039362,-0.040299817
7.45821195,7.448310596,7.489417979,7.498334246,,,,0.009901354,-0.031206029,-0.040122296
7.41534045,7.40660992,7.447624702,7.45817221,,,,0.00873053,-0.032284252,-0.04283176
7.46107005,7.451366099,7.492472704,7.501133698,,,,0.009703951,-0.031402654,-0.040063648
7.4453505,7.436598653,7.477680637,7.487041748,,,,0.008751847,-0.032330137,-0.041691248
7.3939047,7.385129056,7.426100851,7.437717813,,,,0.008775644,-0.032196151,-0.043813113
7.488222,7.478293998,7.519456173,7.527129897,,,,0.009928002,-0.031234173,-0.038907897
7.4396343,7.43043338,7.471484404,7.48072996,,,,0.00920092,-0.031850104,-0.04109566
7.4196276,7.41089947,7.451972496,7.46344472,,,,0.00872813,-0.032344896,-0.04381712
7.4224857,7.412692593,7.453753672,7.464776669,,,,0.009793107,-0.031267972,-0.042290969
7.48107675,7.471966092,7.513118437,7.521074561,,,,0.009110658,-0.032041687,-0.039997811
7.44963765,7.440156356,7.481267302,7.490921001,,,,0.009481294,-0.031629652,-0.041283351
7.4539248,7.444904831,7.485974905,7.494440769,,,,0.009019969,-0.032050105,-0.040515969
7.45821195,7.448398386,7.489471201,7.49772165,,,,0.009813564,-0.031259251,-0.0395097
7.4196276,7.409819047,7.450857721,7.461642725,,,,0.009808553,-0.031230121,-0.042015125
7.4424924,7.432991729,7.474090918,7.484111975,,,,0.009500671,-0.031598518,-0.041619575
7.4253438,7.416593655,7.457623669,7.467607995,,,,0.008750145,-0.032279869,-0.042264195
7.4653572,7.456059525,7.497191821,7.505978947,,,,0.009297675,-0.031834621,-0.040621747
7.42677285,7.418153316,7.459183408,7.469033731,,,,0.008619534,-0.032410558,-0.042260881
7.43534715,7.425771199,7.466820485,7.476419268,,,,0.009575951,-0.031473335,-0.041072118
7.45249575,7.442566163,7.483674558,7.493075733,,,,0.009929587,-0.031178808,-0.040579983
7.459641,7.450132265,7.491246844,7.500158575,,,,0.009508735,-0.031605844,-0.040517575
7.48965105,7.480045538,7.52120133,7.528638415,,,,0.009605512,-0.03155028,-0.038987365
7.45535385,7.445644898,7.486741571,7.495660999,,,,0.009708952,-0.031387721,-0.040307149
7.47821865,7.468463241,7.50959668,7.517467443,,,,0.009755409,-0.03137803,-0.039248793
7.4253438,7.415658856,7.456724596,7.467574763,,,,0.009684944,-0.031380796,-0.042230963
7.4282019,7.419530182,7.460572881,7.470570113,,,,0.008671718,-0.032370981,-0.042368213
7.42677285,7.417750317,7.45879871,7.469075214,,,,0.009022533,-0.03202586,-0.042302364
7.47536055,7.465938097,7.507085129,7.515391744,,,,0.009422453,-0.031724579,-0.040031194
7.4482086,7.439529084,7.480637036,7.490282112,,,,0.008679516,-0.032428436,-0.042073512
7.44106335,7.431546907,7.472625862,7.482348122,,,,0.009516443,-0.031562512,-0.041284772
7.4624991,7.453352152,7.494460783,7.503006428,,,,0.009146948,-0.031961683,-0.040507328
7.46964435,7.459750441,7.500846701,7.508682802,,,,0.009893909,-0.031202351,-0.039038452
7.48107675,7.471992223,7.513123518,7.520701309,,,,0.009084527,-0.032046768,-0.039624559
7.47821865,7.468355368,7.509499637,7.517574871,,,,0.009863282,-0.031280987,-0.039356221
7.4367762,7.427311389,7.468365286,7.477928994,,,,0.009464811,-0.031589086,-0.041152794
7.41819855,7.408410116,7.449453424,7.460476029,,,,0.009788434,-0.031254874,-0.042277479
7.45535385,7.446487867,7.487581917,7.49638362,,,,0.008865983,-0.032228067,-0.04102977
7.4710734,7.461533252,7.502668362,7.511086253,,,,0.009540148,-0.031594962,-0.040012853
7.4396343,7.43038741,7.47155914,7.483446482,,,,0.00924689,-0.03192484,-0.043812182
7.54967115,7.539696458,7.581083186,7.588356479,,,,0.009974692,-0.031412036,-0.038685329
7.46392815,7.454196479,7.495390789,7.505577785,,,,0.009731671,-0.031462639,-0.041649635
7.43820525,7.429370749,7.470510558,7.481751672,,,,0.008834501,-0.032305308,-0.043546422
7.4053371,7.396026543,7.4371064,7.450309423,,,,0.009310557,-0.0317693,-0.044972323
7.5339516,7.524327603,7.565610739,7.572193839,,,,0.009623997,-0.031659139,-0.038242239
7.52394825,7.514659839,7.556010395,7.564421775,,,,0.009288411,-0.032062145,-0.040473525
7.5282354,7.519282904,7.560611717,7.568302989,,,,0.008952496,-0.032376317,-0.040067589
7.48679295,7.477601646,7.518895568,7.529151078,,,,0.009191304,-0.032102618,-0.042358128
7.50965775,7.49998246,7.541224399,7.548760532,,,,0.00967529,-0.031566649,-0.039102782
7.4910801,7.481355354,7.522561387,7.530802176,,,,0.009724746,-0.031481287,-0.039722076
7.4453505,7.436149154,7.477388338,7.490341253,,,,0.009201346,-0.032037838,-0.044990753
7.516803,7.507298826,7.548648167,7.557592191,,,,0.009504174,-0.031845167,-0.040789191
7.4996544,7.489879829,7.531203099,7.541026849,,,,0.009774571,-0.031548699,-0.041372449
7.51823205,7.509497335,7.550796279,7.558657468,,,,0.008734715,-0.032564229,-0.040425418
7.4739315,7.464018887,7.505258777,7.515553897,,,,0.009912613,-0.031327277,-0.041622397
7.54109685,7.531142929,7.572475242,7.57941546,,,,0.009953921,-0.031378392,-0.03831861
7.4539248,7.443890178,7.485154138,7.497912339,,,,0.010034622,-0.031229338,-0.043987539
7.53252255,7.523337677,7.564597851,7.570875582,,,,0.009184873,-0.032075301,-0.038353032
7.54967115,7.540988706,7.582317186,7.588557748,,,,0.008682444,-0.032646036,-0.038886598
7.5396678,7.530814725,7.572160352,7.579344277,,,,0.008853075,-0.032492552,-0.039676477
7.5196611,7.510429084,7.551685214,7.558744283,,,,0.009232016,-0.032024114,-0.039083183
7.5196611,7.509610723,7.550920435,7.558964655,,,,0.010050377,-0.031259335,-0.039303555
7.54109685,7.532412875,7.573722845,7.580215701,,,,0.008683975,-0.032625995,-0.039118851
7.4825058,7.473368335,7.514579145,7.523519407,,,,0.009137465,-0.032073345,-0.041013607
7.51251585,7.502934285,7.544261167,7.55311712,,,,0.009581565,-0.031745317,-0.04060127
7.43248905,7.423409043,7.464568131,7.476854858,,,,0.009080007,-0.032079081,-0.044365808
7.50108345,7.492051042,7.533283428,7.541216538,,,,0.009032408,-0.032199978,-0.040133088
7.42391475,7.415269765,7.456386056,7.468458183,,,,0.008644985,-0.032471306,-0.044543433
7.52109015,7.512201762,7.553463445,7.560495997,,,,0.008888388,-0.032373295,-0.039405847
7.42963095,7.420893298,7.462060546,7.474814439,,,,0.008737652,-0.032429596,-0.045183489
7.29244215,7.283192805,7.323911548,7.341121309,,,,0.009249345,-0.031469398,-0.048679159
7.3796142,7.370593642,7.41157741,7.425090094,,,,0.009020558,-0.03196321,-0.045475894
7.30387455,7.294121137,7.334832143,7.349986904,,,,0.009753413,-0.030957593,-0.046112354
7.3138779,7.304521395,7.345350957,7.36327637,,,,0.009356505,-0.031473057,-0.04939847
7.31244885,7.302695825,7.343455876,7.35902846,,,,0.009753025,-0.031007026,-0.04657961
7.36675275,7.357778741,7.398699697,7.411972166,,,,0.008974009,-0.031946947,-0.045219416
7.27815165,7.269269876,7.309912891,7.326521802,,,,0.008881774,-0.031761241,-0.048370152
7.27815165,7.268319939,7.30898214,7.326556136,,,,0.009831711,-0.03083049,-0.048404486
7.24957065,7.240559744,7.281154984,7.301563531,,,,0.009010906,-0.031584334,-0.051992881
7.34102985,7.332142025,7.372918549,7.385201353,,,,0.008887825,-0.031888699,-0.044171503
7.23813825,7.229199196,7.269775881,7.292434363,,,,0.008939054,-0.031637631,-0.054296113
7.31816505,7.309552105,7.350297001,7.364406661,,,,0.008612945,-0.032131951,-0.046241611
7.373898,7.36394549,7.404838587,7.4166942,,,,0.00995251,-0.030940587,-0.0427962
7.3881885,7.379053749,7.420043716,7.432759079,,,,0.009134751,-0.031855216,-0.044570579
7.2938712,7.284708242,7.325410531,7.341713376,,,,0.009162958,-0.031539331,-0.047842176
7.3281684,7.319515796,7.360281044,7.373729965,,,,0.008652604,-0.032112644,-0.045561565
7.35817845,7.349184974,7.39007696,7.403556685,,,,0.008993476,-0.03189851,-0.045378235
7.24099635,7.231444222,7.272005685,7.292867798,,,,0.009552128,-0.031009335,-0.051871448
7.27815165,7.269276844,7.310000582,7.330367159,,,,0.008874806,-0.031848932,-0.052215509
7.26100305,7.251112694,7.291765536,7.312777322,,,,0.009890356,-0.030762486,-0.051774272
7.42963095,7.419653423,7.460705919,7.470901727,,,,0.009977527,-0.031074969,-0.041270777
7.37532705,7.3657006,7.406591983,7.418223171,,,,0.00962645,-0.031264933,-0.042896121
7.2338511,7.225173968,7.265688124,7.285401483,,,,0.008677132,-0.031837024,-0.051550383
7.2281349,7.218941927,7.259462952,7.281456128,,,,0.009192973,-0.031328052,-0.053321228
7.230993,7.221706636,7.262236872,7.283979165,,,,0.009286364,-0.031243872,-0.052986165
7.33817175,7.328151626,7.369004717,7.384023294,,,,0.010020124,-0.030832967,-0.045851544
7.36103655,7.351335537,7.392154302,7.40347273,,,,0.009701013,-0.031117752,-0.04243618
7.345317,7.336119596,7.376898584,7.388810615,,,,0.009197404,-0.031581584,-0.043493615
7.40390805,7.395268011,7.436237024,7.446808997,,,,0.008640039,-0.032328974,-0.042900947
7.26957735,7.260735145,7.301427896,7.322223737,,,,0.008842205,-0.031850546,-0.052646387
7.5082287,7.499772223,7.540825766,7.545391439,,,,0.008456477,-0.032597066,-0.037162739
7.45821195,7.449341044,7.490429523,7.498902394,,,,0.008870906,-0.032217573,-0.040690444
7.46964435,7.460684236,7.501728386,7.508585757,,,,0.008960114,-0.032084036,-0.038941407
7.44963765,7.440788003,7.481810325,7.489697628,,,,0.008849647,-0.032172675,-0.040059978
7.5110868,7.501088011,7.54222695,7.547995481,,,,0.009998789,-0.03114015,-0.036908681
7.459641,7.45098133,7.492058126,7.500187833,,,,0.00865967,-0.032417126,-0.040546833
7.46107005,7.451973061,7.492993542,7.500045502,,,,0.009096989,-0.031923492,-0.038975452
7.4967963,7.48810161,7.529162192,7.534520227,,,,0.00869469,-0.032365892,-0.037723927
7.45535385,7.446699031,7.48779396,7.496596001,,,,0.008654819,-0.03244011,-0.041242151
7.4282019,7.418756432,7.45979409,7.46975188,,,,0.009445468,-0.03159219,-0.04154998
7.45535385,7.445378554,7.486484388,7.495605008,,,,0.009975296,-0.031130538,-0.040251158
7.41534045,7.40540091,7.446379651,7.456252303,,,,0.00993954,-0.031039201,-0.040911853
7.45249575,7.443556697,7.484614547,7.492952979,,,,0.008939053,-0.032118797,-0.040457229
7.5482421,7.538926288,7.580095964,7.584116506,,,,0.009315812,-0.031853864,-0.035874406
7.46392815,7.454344089,7.495370989,7.50236918,,,,0.009584061,-0.031442839,-0.03844103
7.52966445,7.520692679,7.561759967,7.565364126,,,,0.008971771,-0.032095517,-0.035699676
7.4367762,7.42686464,7.4679093,7.477321512,,,,0.00991156,-0.0311331,-0.040545312
7.49536725,7.485808739,7.526876628,7.532487664,,,,0.009558511,-0.031509378,-0.037120414
7.3996209,7.390685736,7.431621622,7.441877848,,,,0.008935164,-0.032000722,-0.042256948
7.4053371,7.396276186,7.437212351,7.446977022,,,,0.009060914,-0.031875251,-0.041639922
7.4825058,7.473759112,7.514895632,7.522439701,,,,0.008746688,-0.032389832,-0.039933901
7.57253595,7.562914749,7.604113565,7.607261409,,,,0.009621201,-0.031577615,-0.034725459
7.44677955,7.438151652,7.479170998,7.487200123,,,,0.008627898,-0.032391448,-0.040420573
7.4796477,7.471056873,7.512074076,7.51781214,,,,0.008590827,-0.032426376,-0.03816444
7.5196611,7.510712059,7.551771274,7.55580409,,,,0.008949041,-0.032110174,-0.03614299
7.4424924,7.432933904,7.473930469,7.481929339,,,,0.009558496,-0.031438069,-0.039436939
7.5139449,7.504028731,7.545114858,7.549909231,,,,0.009916169,-0.031169958,-0.035964331
7.5482421,7.539366323,7.580550822,7.58475271,,,,0.008875777,-0.032308722,-0.03651061
7.5139449,7.504594405,7.545767174,7.551847375,,,,0.009350495,-0.031822274,-0.037902475
7.4482086,7.439559202,7.480609033,7.489103252,,,,0.008649398,-0.032400433,-0.040894652
7.5396678,7.529907328,7.571026711,7.574845371,,,,0.009760472,-0.031358911,-0.035177571
7.62683985,7.617124119,7.658488546,7.661041287,,,,0.009715731,-0.031648696,-0.034201437
7.5996879,7.590056088,7.631447969,7.635746234,,,,0.009631812,-0.031760069,-0.036058334
7.58682645,7.578319616,7.619686221,7.624279964,,,,0.008506834,-0.032859771,-0.037453514
7.62112365,7.611936533,7.653332722,7.65654053,,,,0.009187117,-0.032209072,-0.03541688
7.60397505,7.594904137,7.636298732,7.640371799,,,,0.009070913,-0.032323682,-0.036396749
7.58682645,7.577437385,7.618801889,7.623415296,,,,0.009389065,-0.031975439,-0.036588846
7.5968298,7.587351632,7.62869767,7.632517919,,,,0.009478168,-0.03186787,-0.035688119
7.5796812,7.570108595,7.611446507,7.616094643,,,,0.009572605,-0.031765307,-0.036413443
7.58111025,7.572415407,7.613747665,7.618187524,,,,0.008694843,-0.032637415,-0.037077274
7.60969125,7.60024936,7.64164397,7.645433229,,,,0.00944189,-0.03195272,-0.035741979
7.57825215,7.5693778,7.610745566,7.615864741,,,,0.00887435,-0.032493416,-0.037612591
7.6225527,7.612691143,7.654068717,7.657002022,,,,0.009861557,-0.031516017,-0.034449322
7.6368432,7.627432855,7.668811144,7.671040949,,,,0.009410345,-0.031967944,-0.034197749
7.59540075,7.586295288,7.627685232,7.63216316,,,,0.009105462,-0.032284482,-0.03676241
7.60969125,7.600955448,7.642341853,7.645985259,,,,0.008735802,-0.032650603,-0.036294009
7.6111203,7.601833051,7.643205293,7.646617577,,,,0.009287249,-0.032084993,-0.035497277
7.58682645,7.577820059,7.619209552,7.624157495,,,,0.009006391,-0.032383102,-0.037331045
7.59254265,7.583788802,7.62516868,7.629644677,,,,0.008753848,-0.03262603,-0.037102027
7.6082622,7.598355252,7.639764653,7.643853562,,,,0.009906948,-0.031502453,-0.035591362
7.5968298,7.587820047,7.629201981,7.633485096,,,,0.009009753,-0.032372181,-0.036655296
7.602546,7.592815431,7.634185807,7.638043301,,,,0.009730569,-0.031639807,-0.035497301
7.59254265,7.583939771,7.625311994,7.629673138,,,,0.008602879,-0.032769344,-0.037130488
7.6254108,7.616336886,7.6576882,7.660117968,,,,0.009073914,-0.0322774,-0.034707168
7.6254108,7.615551473,7.656957944,7.660115338,,,,0.009859327,-0.031547144,-0.034704538
7.64684655,7.637763425,7.6791724,7.681285302,,,,0.009083125,-0.03232585,-0.034438752
7.5939717,7.584369554,7.62575031,7.630206443,,,,0.009602146,-0.03177861,-0.036234743
7.5911136,7.58209898,7.623428963,7.627312039,,,,0.00901462,-0.032315363,-0.036198439
7.5996879,7.589849785,7.631203325,7.634992054,,,,0.009838115,-0.031515425,-0.035304154
7.62112365,7.612268119,7.653670232,7.656937404,,,,0.008855531,-0.032546582,-0.035813754
7.58682645,7.578265013,7.619652012,7.62453873,,,,0.008561437,-0.032825562,-0.03771228
7.62969795,7.620536778,7.661906313,7.664357612,,,,0.009161172,-0.032208363,-0.034659662
7.57825215,7.569482888,7.610901286,7.616769562,,,,0.008769262,-0.032649136,-0.038517412
7.5653907,7.556678781,7.597961693,7.602584605,,,,0.008711919,-0.032570993,-0.037193905
7.61254935,7.602703421,7.644003327,7.646457653,,,,0.009845929,-0.031453977,-0.033908303
7.60397505,7.595201347,7.636474637,7.638963087,,,,0.008773703,-0.032499587,-0.034988037
7.6854309,7.675821246,7.717305738,7.718571279,,,,0.009609654,-0.031874838,-0.033140379
7.71687,7.708158363,7.749474372,7.747744315,,,,0.008711637,-0.032604372,-0.030874315
7.5853974,7.57641871,7.617757829,7.622072598,,,,0.00897869,-0.032360429,-0.036675198
7.58111025,7.571367195,7.612739211,7.617805145,,,,0.009743055,-0.031628961,-0.036694895
7.688289,7.679807211,7.721178881,7.721064154,,,,0.008481789,-0.032889881,-0.032775154
7.7225862,7.713850226,7.755336162,7.755038135,,,,0.008735974,-0.032749962,-0.032451935
7.6397013,7.631286245,7.672661049,7.674668981,,,,0.008415055,-0.032959749,-0.034967681
7.5853974,7.576203661,7.617511529,7.621410143,,,,0.009193739,-0.032114129,-0.036012743
7.7111538,7.701860527,7.743205058,7.741972599,,,,0.009293273,-0.032051258,-0.030818799
7.65827895,7.649488323,7.690945219,7.693082103,,,,0.008790627,-0.032666269,-0.034803153
7.61826555,7.609306533,7.650770651,7.655014964,,,,0.008959017,-0.032505101,-0.036749414
7.5939717,7.584096737,7.625444107,7.629455689,,,,0.009874963,-0.031472407,-0.035483989
7.6111203,7.60243438,7.643726917,7.646103879,,,,0.00868592,-0.032606617,-0.034983579
7.60683315,7.597387523,7.63874052,7.642130112,,,,0.009445627,-0.03190737,-0.035296962
7.58968455,7.58031658,7.62165373,7.625729456,,,,0.00936797,-0.03196918,-0.036044906
7.56110355,7.551227438,7.592569985,7.598392957,,,,0.009876112,-0.031466435,-0.037289407
7.7054376,7.69581946,7.737062298,7.735097777,,,,0.00961814,-0.031624698,-0.029660177
7.61826555,7.608822366,7.650171091,7.652932941,,,,0.009443184,-0.031905541,-0.034667391
7.58682645,7.57704041,7.61846583,7.6239854,,,,0.00978604,-0.03163938,-0.03715895
7.6797147,7.670503214,7.711981259,7.713408481,,,,0.009211486,-0.032266559,-0.033693781
7.7311605,7.721782286,7.763191677,7.761842398,,,,0.009378214,-0.032031177,-0.030681898
7.56967785,7.560783205,7.602173174,7.608138365,,,,0.008894645,-0.032495324,-0.038460515
7.68971805,7.679975941,7.721412397,7.721972378,,,,0.009742109,-0.031694347,-0.032254328
7.602546,7.593264035,7.634655023,7.638767192,,,,0.009281965,-0.032109023,-0.036221192
7.6968633,7.687445026,7.728918107,7.729559283,,,,0.009418274,-0.032054807,-0.032695983
7.72401525,7.715074557,7.756524125,7.755814814,,,,0.008940693,-0.032508875,-0.031799564
7.61540745,7.606252489,7.647649444,7.651157074,,,,0.009154961,-0.032241994,-0.035749624
7.59825885,7.589117641,7.63043057,7.633722378,,,,0.009141209,-0.03217172,-0.035463528
7.63255605,7.624065689,7.665417858,7.66749256,,,,0.008490361,-0.032861808,-0.03493651
7.6968633,7.687776186,7.729146538,7.728703313,,,,0.009087114,-0.032283238,-0.031840013
7.69543425,7.686644463,7.728055618,7.728074605,,,,0.008789787,-0.032621368,-0.032640355
7.5968298,7.587613969,7.628954085,7.632681322,,,,0.009215831,-0.032124285,-0.035851522
7.5996879,7.590931735,7.632289601,7.636079099,,,,0.008756165,-0.032601701,-0.036391199
7.7025795,7.692959833,7.734326553,7.73364605,,,,0.009619667,-0.031747053,-0.03106655
7.7025795,7.693760842,7.735130076,7.734443713,,,,0.008818658,-0.032550576,-0.031864213
7.70972475,7.701327965,7.742710389,7.741864889,,,,0.008396785,-0.032985639,-0.032140139
7.65827895,7.648407845,7.689814934,7.691417753,,,,0.009871105,-0.031535984,-0.033138803
7.6139784,7.605302687,7.646602905,7.648936557,,,,0.008675713,-0.032624505,-0.034958157
7.7025795,7.69321239,7.734634525,7.73450349,,,,0.00936711,-0.032055025,-0.03192399
7.58396835,7.575468574,7.616749664,7.62032859,,,,0.008499776,-0.032781314,-0.03636024
7.63255605,7.622867892,7.664289008,7.667267134,,,,0.009688158,-0.031732958,-0.034711084
7.6397013,7.630895969,7.672248197,7.674008266,,,,0.008805331,-0.032546897,-0.034306966
7.61826555,7.609517637,7.650886213,7.653863359,,,,0.008747913,-0.032620663,-0.035597809
7.61540745,7.606733283,7.648145269,7.651825642,,,,0.008674167,-0.032737819,-0.036418192
7.68400185,7.674752738,7.716086555,7.715784917,,,,0.009249112,-0.032084705,-0.031783067
7.631127,7.622387477,7.663738353,7.665876101,,,,0.008739523,-0.032611353,-0.034749101
7.6825728,7.673846097,7.715277905,7.716045863,,,,0.008726703,-0.032705105,-0.033473063
7.60111695,7.591617854,7.632978961,7.636775605,,,,0.009499096,-0.031862011,-0.035658655
7.7111538,7.70148999,7.742870635,7.742001561,,,,0.00966381,-0.031716835,-0.030847761
7.6225527,7.613252727,7.654612267,7.657292305,,,,0.009299973,-0.032059567,-0.034739605
7.59825885,7.589604993,7.631009683,7.635510452,,,,0.008653857,-0.032750833,-0.037251602
7.58682645,7.577266703,7.618597023,7.622744208,,,,0.009559747,-0.031770573,-0.035917758
7.6797147,7.670568679,7.711904921,7.711794593,,,,0.009146021,-0.032190221,-0.032079893
7.69829235,7.689359491,7.730782394,7.730813831,,,,0.008932859,-0.032490044,-0.032521481
7.6254108,7.616396741,7.657712179,7.659706585,,,,0.009014059,-0.032301379,-0.034295785
7.6368432,7.627202025,7.668506994,7.669887617,,,,0.009641175,-0.031663794,-0.033044417
7.659708,7.650534331,7.691856152,7.692415029,,,,0.009173669,-0.032148152,-0.032707029
7.6854309,7.676301992,7.717680365,7.717776362,,,,0.009128908,-0.032249465,-0.032345462
7.7111538,7.70194755,7.743310647,7.742253532,,,,0.00920625,-0.032156847,-0.031099732
7.73258955,7.724264664,7.765614759,7.763626253,,,,0.008324886,-0.033025209,-0.031036703
7.7025795,7.69288519,7.734225229,7.73328506,,,,0.00969431,-0.031645729,-0.03070556
7.6825728,7.673005036,7.714367066,7.714426139,,,,0.009567764,-0.031794266,-0.031853339
7.72973145,7.720294162,7.761638337,7.759735795,,,,0.009437288,-0.031906887,-0.030004345
7.71258285,7.702946301,7.744256399,7.742658738,,,,0.009636549,-0.031673549,-0.030075888
7.71258285,7.703043994,7.744415578,7.743399542,,,,0.009538856,-0.031832728,-0.030816692
7.70972475,7.700114564,7.741479626,7.740510465,,,,0.009610186,-0.031754876,-0.030785715
7.6940052,7.684988186,7.726355963,7.725996007,,,,0.009017014,-0.032350763,-0.031990807
7.6940052,7.685653884,7.727009467,7.726500458,,,,0.008351316,-0.033004267,-0.032495258
7.7197281,7.711150579,7.752486825,7.750837185,,,,0.008577521,-0.032758725,-0.031109085
7.7225862,7.713899513,7.755224008,7.753367626,,,,0.008686687,-0.032637808,-0.030781426
7.72115715,7.712583092,7.75395261,7.75256307,,,,0.008574058,-0.03279546,-0.03140592
7.70686665,7.698076362,7.739448573,7.738626516,,,,0.008790288,-0.032581923,-0.031759866
7.70115045,7.692378611,7.733729309,7.73291278,,,,0.008771839,-0.032578859,-0.03176233
7.6854309,7.675681812,7.717040322,7.716955019,,,,0.009749088,-0.031609422,-0.031524119
7.6940052,7.685664166,7.727040466,7.726740432,,,,0.008341034,-0.033035266,-0.032735232
7.6940052,7.685591422,7.726919362,7.726137635,,,,0.008413778,-0.032914162,-0.032132435
7.7225862,7.713579802,7.754947646,7.753505879,,,,0.009006398,-0.032361446,-0.030919679
7.72973145,7.720051886,7.761415069,7.759695945,,,,0.009679564,-0.031683619,-0.029964495
7.7140119,7.705669033,7.747016705,7.74567371,,,,0.008342867,-0.033004805,-0.03166181
7.68971805,7.679988498,7.721317305,7.720760001,,,,0.009729552,-0.031599255,-0.031041951
7.68685995,7.677213502,7.71854984,7.71817684,,,,0.009646448,-0.03168989,-0.03131689
7.69829235,7.688742127,7.730084097,7.729320401,,,,0.009550223,-0.031791747,-0.031028051
7.71687,7.707241161,7.748574648,7.747040445,,,,0.009628839,-0.031704648,-0.030170445
7.71258285,7.702962774,7.744337067,7.74335038,,,,0.009620076,-0.031754217,-0.03076753
7.7225862,7.71399816,7.755311165,7.753346252,,,,0.00858804,-0.032724965,-0.030760052
7.6739985,7.664982868,7.706312433,7.706357752,,,,0.009015632,-0.032313933,-0.032359252
7.7082957,7.698968302,7.740288815,7.738934105,,,,0.009327398,-0.031993115,-0.030638405
7.8426264,7.833302533,7.874464268,7.867780798,,,,0.009323867,-0.031837868,-0.025154398
7.8054711,7.796109349,7.837378532,7.832448195,,,,0.009361751,-0.031907432,-0.026977095
7.7883225,7.779421871,7.820665026,7.816023209,,,,0.008900629,-0.032342526,-0.027700709
7.8197616,7.810309399,7.851477313,7.845432491,,,,0.009452201,-0.031715713,-0.025670891
7.78403535,7.774773405,7.815978785,7.811187529,,,,0.009261945,-0.031943435,-0.027152179
7.84119735,7.832847313,7.874019189,7.867413891,,,,0.008350037,-0.032821839,-0.026216541
7.8083292,7.798779826,7.840004336,7.834671424,,,,0.009549374,-0.031675136,-0.026342224
7.8197616,7.810379516,7.851645242,7.846285854,,,,0.009382084,-0.031883642,-0.026524254
7.8054711,7.79707408,7.83827651,7.832832324,,,,0.00839702,-0.03280541,-0.027361224
7.7997549,7.790402499,7.831638797,7.82662835,,,,0.009352401,-0.031883897,-0.02687345
7.77260295,7.764070537,7.805285411,7.800880372,,,,0.008532413,-0.032682461,-0.028277422
7.78975155,7.781495757,7.822787338,7.818455042,,,,0.008255793,-0.033035788,-0.028703492
7.8169035,7.807751487,7.848912606,7.842889121,,,,0.009152013,-0.032009106,-0.025985621
7.8369102,7.828209846,7.869401037,7.863043625,,,,0.008700354,-0.032490837,-0.026133425
7.80404205,7.795230612,7.83642604,7.830982763,,,,0.008811438,-0.03238399,-0.026940713
7.85834595,7.849764351,7.890983114,7.884254175,,,,0.008581599,-0.032637164,-0.025908225
7.82976495,7.821554415,7.862794608,7.856948078,,,,0.008210535,-0.033029658,-0.027183128
7.8083292,7.80013776,7.841328309,7.835715254,,,,0.00819144,-0.032999109,-0.027386054
7.81547445,7.806623161,7.847799533,7.841911446,,,,0.008851289,-0.032325083,-0.026436996
7.77260295,7.763107305,7.804339649,7.800098816,,,,0.009495645,-0.031736699,-0.027495866
7.83548115,7.827341655,7.868483812,7.861823685,,,,0.008139495,-0.033002662,-0.026342535
7.8054711,7.796868838,7.838053403,7.832487533,,,,0.008602262,-0.032582303,-0.027016433
7.77546105,7.767209135,7.808435297,7.804023903,,,,0.008251915,-0.032974247,-0.028562853
7.77546105,7.767011867,7.808250257,7.803939259,,,,0.008449183,-0.032789207,-0.028478209
7.83262305,7.82335296,7.864562302,7.85845512,,,,0.00927009,-0.031939252,-0.02583207
7.8254778,7.816913166,7.858069651,7.851773378,,,,0.008564634,-0.032591851,-0.026295578
7.76974485,7.760816931,7.802045289,7.797842334,,,,0.008927919,-0.032300439,-0.028097484
7.8111873,7.802614311,7.843875272,7.83869922,,,,0.008572989,-0.032687972,-0.02751192
7.7940387,7.784803846,7.826021643,7.821034368,,,,0.009234854,-0.031982943,-0.026995668
7.8054711,7.796662267,7.837902017,7.832739205,,,,0.008808833,-0.032430917,-0.027268105
7.8226197,7.814314626,7.855486817,7.849365172,,,,0.008305074,-0.032867117,-0.026745472
7.69257615,7.68339735,7.724882391,7.725825585,,,,0.0091788,-0.032306241,-0.033249435
7.6854309,7.676928911,7.718403221,7.719506691,,,,0.008501989,-0.032972321,-0.034075791
7.67256945,7.663181156,7.704640899,7.706185591,,,,0.009388294,-0.032071449,-0.033616141
7.67828565,7.669461933,7.710945275,7.712479185,,,,0.008823717,-0.032659625,-0.034193535
7.66113705,7.651902133,7.693350752,7.695277965,,,,0.009234917,-0.032213702,-0.034140915
7.6654242,7.656088842,7.697534379,7.699234646,,,,0.009335358,-0.032110179,-0.033810446
7.6654242,7.656984947,7.698432373,7.700113968,,,,0.008439253,-0.033008173,-0.034689768
7.6768566,7.667062468,7.708545725,7.710186224,,,,0.009794132,-0.031689125,-0.033329624
7.69543425,7.685681941,7.727169148,7.728038396,,,,0.009752309,-0.031734898,-0.032604146
7.7025795,7.69401563,7.735492605,7.735901654,,,,0.00856387,-0.032913105,-0.033322154
7.6654242,7.656626645,7.698083572,7.699891726,,,,0.008797555,-0.032659372,-0.034467526
7.67542755,7.665969557,7.707438064,7.708958383,,,,0.009457993,-0.032010514,-0.033530833
7.6911471,7.682701395,7.724148507,7.724708986,,,,0.008445705,-0.033001407,-0.033561886
7.688289,7.679555047,7.7210058,7.721737946,,,,0.008733953,-0.0327168,-0.033448946
7.6711404,7.661906963,7.703382513,7.705167038,,,,0.009233437,-0.032242113,-0.034026638
7.69829235,7.688529878,7.730004917,7.730621665,,,,0.009762472,-0.031712567,-0.032329315
7.68971805,7.680543553,7.722027547,7.723081999,,,,0.009174497,-0.032309497,-0.033363949
7.66971135,7.660344894,7.701826803,7.703756968,,,,0.009366456,-0.032115453,-0.034045618
7.70400855,7.695080282,7.736567741,7.73704425,,,,0.008928268,-0.032559191,-0.0330357
7.67256945,7.662892368,7.704342709,7.705792911,,,,0.009677082,-0.031773259,-0.033223461
7.6797147,7.670945042,7.712414286,7.713722431,,,,0.008769658,-0.032699586,-0.034007731
7.68971805,7.680509856,7.721975681,7.722831562,,,,0.009208194,-0.032257631,-0.033113512
7.6854309,7.676380618,7.717854458,7.718976496,,,,0.009050282,-0.032423558,-0.033545596
7.6739985,7.665016345,7.70650414,7.70828964,,,,0.008982155,-0.03250564,-0.03429114
7.68685995,7.678239708,7.719695512,7.720538555,,,,0.008620242,-0.032835562,-0.033678605
7.7025795,7.693054866,7.734537858,7.735050879,,,,0.009524634,-0.031958358,-0.032471379
7.67256945,7.663856455,7.705341319,7.707145494,,,,0.008712995,-0.032771869,-0.034576044
7.6682823,7.658779406,7.700233898,7.701916084,,,,0.009502894,-0.031951598,-0.033633784
7.66113705,7.652385184,7.693838956,7.695804548,,,,0.008751866,-0.032701906,-0.034667498
7.67828565,7.669650592,7.711113084,7.712402106,,,,0.008635058,-0.032827434,-0.034116456
7.68685995,7.678457532,7.719907394,7.720676336,,,,0.008402418,-0.033047444,-0.033816386
7.6511337,7.641670643,7.683096662,7.685230404,,,,0.009463057,-0.031962962,-0.034096704
7.6082622,7.599102531,7.640517394,7.644640398,,,,0.009159669,-0.032255194,-0.036378198
7.64113035,7.632574838,7.673949353,7.675894193,,,,0.008555512,-0.032819003,-0.034763843
7.60683315,7.59789505,7.639340796,7.643956317,,,,0.0089381,-0.032507646,-0.037123167
7.64113035,7.632092023,7.673492466,7.675769356,,,,0.009038327,-0.032362116,-0.034639006
7.6482756,7.639166259,7.680614327,7.683132683,,,,0.009109341,-0.032338727,-0.034857083
7.6739985,7.665415514,7.706884045,7.708429403,,,,0.008582986,-0.032885545,-0.034430903
7.64970465,7.640139762,7.681528987,7.683299293,,,,0.009564888,-0.031824337,-0.033594643
7.59825885,7.589505747,7.630911009,7.635425261,,,,0.008753103,-0.032652159,-0.037166411
7.60397505,7.595077497,7.636509017,7.641081706,,,,0.008897553,-0.032533967,-0.037106656
7.67828565,7.669034976,7.71050891,7.711954589,,,,0.009250674,-0.03222326,-0.033668939
7.6082622,7.598559124,7.640003167,7.64455802,,,,0.009703076,-0.031740967,-0.03629582
7.60397505,7.594950377,7.636351569,7.640511976,,,,0.009024673,-0.032376519,-0.036536926
7.5939717,7.58503438,7.626423138,7.630954317,,,,0.00893732,-0.032451438,-0.036982617
7.59825885,7.589538,7.630911107,7.634980318,,,,0.00872085,-0.032652257,-0.036721468
7.6196946,7.610937117,7.65238942,7.656386131,,,,0.008757483,-0.03269482,-0.036691531
7.659708,7.650184817,7.691586283,7.693044937,,,,0.009523183,-0.031878283,-0.033336937
7.66685325,7.657686583,7.699126359,7.700688234,,,,0.009166667,-0.032273109,-0.033834984
7.6196946,7.610278774,7.651738874,7.65587611,,,,0.009415826,-0.032044274,-0.03618151
7.67542755,7.666643407,7.708068411,7.709069855,,,,0.008784143,-0.032640861,-0.033642305
7.6111203,7.60235991,7.643733746,7.647139769,,,,0.00876039,-0.032613446,-0.036019469
7.6454175,7.636084095,7.677494994,7.679709561,,,,0.009333405,-0.032077494,-0.034292061
7.6682823,7.659036644,7.700482281,7.702050896,,,,0.009245656,-0.032199981,-0.033768596
7.6282689,7.618439781,7.659856199,7.662995554,,,,0.009829119,-0.031587299,-0.034726654
7.6654242,7.65609659,7.697555236,7.699407646,,,,0.00932761,-0.032131036,-0.033983446
7.64684655,7.637725138,7.679105926,7.680887913,,,,0.009121412,-0.032259376,-0.034041363
7.64113035,7.631386244,7.672767344,7.67484548,,,,0.009744106,-0.031636994,-0.03371513
7.59825885,7.589194574,7.630618863,7.63541863,,,,0.009064276,-0.032360013,-0.03715978
7.5282354,7.518513549,7.559798504,7.566795656,,,,0.009721851,-0.031563104,-0.038560256
7.53823875,7.528387654,7.569731889,7.577057182,,,,0.009851096,-0.031493139,-0.038818432
7.5653907,7.556662648,7.597976751,7.603050202,,,,0.008728052,-0.032586051,-0.037659502
7.545384,7.536401886,7.577740435,7.584436612,,,,0.008982114,-0.032356435,-0.039052612
7.51251585,7.503798012,7.545072655,7.552911878,,,,0.008717838,-0.032556805,-0.040396028
7.58968455,7.580019936,7.621378858,7.625770733,,,,0.009664614,-0.031694308,-0.036086183
7.5282354,7.518438327,7.559744305,7.567101066,,,,0.009797073,-0.031508905,-0.038865666
7.5939717,7.585245134,7.626615275,7.630876233,,,,0.008726566,-0.032643575,-0.036904533
7.59540075,7.585985148,7.627344516,7.631417817,,,,0.009415602,-0.031943766,-0.036017067
7.573965,7.565128547,7.606414569,7.610612411,,,,0.008836453,-0.032449569,-0.036647411
7.5625326,7.553018547,7.594317002,7.599373356,,,,0.009514053,-0.031784402,-0.036840756
7.5539583,7.544565919,7.585904473,7.592078323,,,,0.009392381,-0.031946173,-0.038120023
7.5596745,7.550718579,7.592061794,7.597926189,,,,0.008955921,-0.032387294,-0.038251689
7.55824545,7.54834329,7.58964522,7.595027644,,,,0.00990216,-0.03139977,-0.036782194
7.5253773,7.516697139,7.558007779,7.565565089,,,,0.008680161,-0.032630479,-0.040187789
7.53252255,7.52376028,7.565061103,7.571971365,,,,0.00876227,-0.032538553,-0.039448815
7.545384,7.53600108,7.577274581,7.58297058,,,,0.00938292,-0.031890581,-0.03758658
7.5825393,7.573159572,7.614503988,7.619073168,,,,0.009379728,-0.031964688,-0.036533868
7.52394825,7.514740229,7.55601402,7.563078344,,,,0.009208021,-0.03206577,-0.039130094
7.5911136,7.582286099,7.62366913,7.628272824,,,,0.008827501,-0.03255553,-0.037159224
7.5339516,7.525029503,7.56631419,7.572876794,,,,0.008922097,-0.03236259,-0.038925194
7.57825215,7.568424573,7.60972236,7.613902766,,,,0.009827577,-0.03147021,-0.035650616
7.54109685,7.531998441,7.573321637,7.580055675,,,,0.009098409,-0.032224787,-0.038958825
7.5425259,7.533075551,7.57434127,7.580096884,,,,0.009450349,-0.03181537,-0.037570984
7.57825215,7.569175498,7.610534895,7.61554405,,,,0.009076652,-0.032282745,-0.0372919
7.5853974,7.575977677,7.617329081,7.621839536,,,,0.009419723,-0.031931681,-0.036442136
7.58396835,7.574234946,7.615600469,7.620408708,,,,0.009733404,-0.031632119,-0.036440358
7.5225192,7.512889526,7.554194548,7.561921528,,,,0.009629674,-0.031675348,-0.039402328
7.5568164,7.548173301,7.589454537,7.594540627,,,,0.008643099,-0.032638137,-0.037724227
7.52394825,7.514754279,7.556052313,7.563527501,,,,0.009193971,-0.032104063,-0.039579251
7.53538065,7.526747155,7.568088917,7.575484537,,,,0.008633495,-0.032708267,-0.040103887
7.5968298,7.588206935,7.629550418,7.633291382,,,,0.008622865,-0.032720618,-0.036461582
7.6139784,7.604561069,7.645941142,7.649315577,,,,0.009417331,-0.031962742,-0.035337177
7.60683315,7.598118593,7.639518628,7.643493426,,,,0.008714557,-0.032685478,-0.036660276
7.60397505,7.595309738,7.636674602,7.640327496,,,,0.008665312,-0.032699552,-0.036352446
7.55824545,7.548725134,7.590090457,7.596423753,,,,0.009520316,-0.031845007,-0.038178303
7.61540745,7.606612101,7.647982487,7.651128026,,,,0.008795349,-0.032575037,-0.035720576
7.5596745,7.550698637,7.592033562,7.597772285,,,,0.008975863,-0.032359062,-0.038097785
7.5511002,7.541440951,7.58275014,7.588661108,,,,0.009659249,-0.03164994,-0.037560908
7.56967785,7.560038136,7.60137758,7.606626086,,,,0.009639714,-0.03169973,-0.036948236
7.56681975,7.558071742,7.599415342,7.604841618,,,,0.008748008,-0.032595592,-0.038021868
7.57539405,7.566476289,7.607865934,7.613480351,,,,0.008917761,-0.032471884,-0.038086301
7.57539405,7.566620153,7.607976792,7.613093551,,,,0.008773897,-0.032582742,-0.037699501
7.6254108,7.616723983,7.658128429,7.661201281,,,,0.008686817,-0.032717629,-0.035790481
7.56110355,7.55158225,7.592954272,7.599212812,,,,0.0095213,-0.031850722,-0.038109262
7.573965,7.564034666,7.605416735,7.611063696,,,,0.009930334,-0.031451735,-0.037098696
7.60683315,7.598122341,7.639481812,7.642918087,,,,0.008710809,-0.032648662,-0.036084937
7.5796812,7.570379363,7.611766662,7.617114184,,,,0.009301837,-0.032085462,-0.037432984
7.5425259,7.533843899,7.575145528,7.581413714,,,,0.008682001,-0.032619628,-0.038887814
7.56967785,7.559769576,7.601157251,7.607149518,,,,0.009908274,-0.031479401,-0.037471668
7.57253595,7.563543238,7.60490198,7.610229578,,,,0.008992712,-0.03236603,-0.037693628
7.6082622,7.598407541,7.63978979,7.643511239,,,,0.009854659,-0.03152759,-0.035249039
7.59540075,7.585530027,7.626915928,7.631379725,,,,0.009870723,-0.031515178,-0.035978975
7.56396165,7.554029599,7.595360088,7.60083102,,,,0.009932051,-0.031398438,-0.03686937
7.60969125,7.600750948,7.642105153,7.64533893,,,,0.008940302,-0.032413903,-0.03564768
7.57825215,7.568912181,7.610257701,7.615081923,,,,0.009339969,-0.032005551,-0.036829773
7.5653907,7.556405324,7.597728224,7.602945819,,,,0.008985376,-0.032337524,-0.037555119
7.57825215,7.568289405,7.609640494,7.614580378,,,,0.009962745,-0.031388344,-0.036328228
7.5653907,7.555862493,7.597224296,7.60305878,,,,0.009528207,-0.031833596,-0.03766808
7.5882555,7.578615528,7.619983805,7.624584576,,,,0.009639972,-0.031728305,-0.036329076
7.57539405,7.566273776,7.607655191,7.613158301,,,,0.009120274,-0.032261141,-0.037764251
7.46392815,7.454656708,7.495862012,7.506241444,,,,0.009271442,-0.031933862,-0.042313294
7.5711069,7.561581426,7.602891231,7.607620472,,,,0.009525474,-0.031784331,-0.036513572
7.50965775,7.500756238,7.542056561,7.550582609,,,,0.008901512,-0.032398811,-0.040924859
7.46678625,7.457732087,7.498918388,7.508639004,,,,0.009054163,-0.032132138,-0.041852754
7.5110868,7.501465751,7.54266633,7.549399902,,,,0.009621049,-0.03157953,-0.038313102
7.4796477,7.470040124,7.511220332,7.519835862,,,,0.009607576,-0.031572632,-0.040188162
7.44963765,7.439958875,7.481138645,7.492289754,,,,0.009678775,-0.031500995,-0.042652104
7.41819855,7.409306614,7.450372882,7.461842018,,,,0.008891936,-0.032174332,-0.043643468
7.5539583,7.544785543,7.586121398,7.592239195,,,,0.009172757,-0.032163098,-0.038280895
7.48107675,7.471624323,7.512809922,7.521405586,,,,0.009452427,-0.031733172,-0.040328836
7.47250245,7.462656588,7.503870915,7.513751341,,,,0.009845862,-0.031368465,-0.041248891
7.4825058,7.472654755,7.513812365,7.521813343,,,,0.009851045,-0.031306565,-0.039307543
7.5025125,7.493338035,7.534627083,7.543506944,,,,0.009174465,-0.032114583,-0.040994444
7.52394825,7.514573417,7.555751365,7.561292306,,,,0.009374833,-0.031803115,-0.037344056
7.45249575,7.443193251,7.484349674,7.494694277,,,,0.009302499,-0.031853924,-0.042198527
7.5339516,7.524243956,7.565520173,7.571996803,,,,0.009707644,-0.031568573,-0.038045203
7.54395495,7.534127436,7.5754602,7.582210869,,,,0.009827514,-0.03150525,-0.038255919
7.459641,7.449971959,7.491203384,7.502583323,,,,0.009669041,-0.031562384,-0.042942323
7.53823875,7.529640283,7.570866055,7.576222716,,,,0.008598467,-0.032627305,-0.037983966
7.4767896,7.467496229,7.508678369,7.517527765,,,,0.009293371,-0.031888769,-0.040738165
7.48679295,7.47685253,7.518002198,7.52555785,,,,0.00994042,-0.031209248,-0.0387649
7.4339181,7.424997763,7.466101893,7.476946125,,,,0.008920337,-0.032183793,-0.043028025
7.52394825,7.514678879,7.555988342,7.56366663,,,,0.009269371,-0.032040092,-0.03971838
7.53823875,7.529220054,7.570460136,7.576058648,,,,0.009018696,-0.032221386,-0.037819898
7.5596745,7.550144359,7.591466955,7.597052061,,,,0.009530141,-0.031792455,-0.037377561
7.44963765,7.439772976,7.480885632,7.490606817,,,,0.009864674,-0.031247982,-0.040969167
7.5110868,7.501553561,7.542808617,7.550462895,,,,0.009533239,-0.031721817,-0.039376095
7.51823205,7.509151907,7.550330783,7.556220356,,,,0.009080143,-0.032098733,-0.037988306
7.5596745,7.551084105,7.592378031,7.597480613,,,,0.008590395,-0.032703531,-0.037806113
7.55252925,7.543774378,7.585065659,7.590561237,,,,0.008754872,-0.032536409,-0.038031987
7.4967963,7.487166623,7.528369047,7.536120475,,,,0.009629677,-0.031572747,-0.039324175
7.38675945,7.378092366,7.41903874,7.430751163,,,,0.008667084,-0.03227929,-0.043991713
7.43106,7.421490895,7.462575719,7.473312927,,,,0.009569105,-0.031515719,-0.042252927
7.3110198,7.301915875,7.342684646,7.358686544,,,,0.009103925,-0.031664846,-0.047666744
7.41534045,7.406248522,7.447341126,7.459761311,,,,0.009091928,-0.032000676,-0.044420861
7.3396008,7.330337108,7.371176857,7.385478894,,,,0.009263692,-0.031576057,-0.045878094
7.3281684,7.31891356,7.359796589,7.377325452,,,,0.00925484,-0.031628189,-0.049157052
7.42963095,7.420822385,7.461927376,7.473183821,,,,0.008808565,-0.032296426,-0.043552871
7.43534715,7.425647467,7.466773223,7.478046497,,,,0.009699683,-0.031426073,-0.042699347
7.37532705,7.366601569,7.407631772,7.423039284,,,,0.008725481,-0.032304722,-0.047712234
7.34102985,7.332304751,7.373197,7.388923887,,,,0.008725099,-0.03216715,-0.047894037
7.40390805,7.395180337,7.436219017,7.448449331,,,,0.008727713,-0.032310967,-0.044541281
7.5082287,7.498603181,7.539824798,7.547106229,,,,0.009625519,-0.031596098,-0.038877529
7.41819855,7.409116509,7.450180639,7.461618063,,,,0.009082041,-0.031982089,-0.043419513
7.37818515,7.368723807,7.409735787,7.424295878,,,,0.009461343,-0.031550637,-0.046110728
7.3596075,7.350790881,7.39165454,7.404171318,,,,0.008816619,-0.03204704,-0.044563818
7.4939382,7.484167361,7.525304402,7.532136906,,,,0.009770839,-0.031366202,-0.038198706
7.40676615,7.397151674,7.438206679,7.450640211,,,,0.009614476,-0.031440529,-0.043874061
7.51537395,7.506200029,7.547439258,7.554500271,,,,0.009173921,-0.032065308,-0.039126321
7.4453505,7.436218334,7.47730801,7.48685681,,,,0.009132166,-0.03195751,-0.04150631
7.42105665,7.412141625,7.453152948,7.463129182,,,,0.008915025,-0.032096298,-0.042072532
7.4081952,7.398737377,7.439829184,7.453046047,,,,0.009457823,-0.031633984,-0.044850847
7.3510332,7.341825253,7.382741437,7.397903298,,,,0.009207947,-0.031708237,-0.046870098
7.46964435,7.460596043,7.501761827,7.510839409,,,,0.009048307,-0.032117477,-0.041195059
7.48107675,7.471356331,7.512458942,7.519581608,,,,0.009720419,-0.031382192,-0.038504858
7.4996544,7.489686364,7.530907773,7.538815744,,,,0.009968036,-0.031253373,-0.039161344
7.5082287,7.498802801,7.540067122,7.548082479,,,,0.009425899,-0.031838422,-0.039853779
7.3996209,7.390550874,7.431549294,7.443263846,,,,0.009070026,-0.031928394,-0.043642946
7.46107005,7.452298283,7.49346075,7.503149784,,,,0.008771767,-0.0323907,-0.042079734
7.3710399,7.361309276,7.402231857,7.415141035,,,,0.009730624,-0.031191957,-0.044101135
7.45249575,7.443394814,7.484492381,7.493609759,,,,0.009100936,-0.031996631,-0.041114009
7.52394825,7.514533281,7.55577687,7.562355696,,,,0.009414969,-0.03182862,-0.038407446
7.54967115,7.539701148,7.581021261,7.58721115,,,,0.009970002,-0.031350111,-0.03754
7.5425259,7.532782131,7.574098009,7.580662208,,,,0.009743769,-0.031572109,-0.038136308
7.57539405,7.565994562,7.607317357,7.611982394,,,,0.009399488,-0.031923307,-0.036588344
7.47536055,7.466379672,7.507597628,7.517241159,,,,0.008980878,-0.032237078,-0.041880609
7.4739315,7.464479505,7.505709965,7.515768595,,,,0.009451995,-0.031778465,-0.041837095
7.49536725,7.486658625,7.527908526,7.536563162,,,,0.008708625,-0.032541276,-0.041195912
7.5682488,7.559741958,7.601043403,7.605757407,,,,0.008506842,-0.032794603,-0.037508607
7.43820525,7.429054021,7.470150301,7.480454823,,,,0.009151229,-0.031945051,-0.042249573
7.50965775,7.499875514,7.541102775,7.548393051,,,,0.009782236,-0.031445025,-0.038735301
7.4653572,7.456349082,7.4975407,7.507486987,,,,0.009008118,-0.0321835,-0.042129787
7.5225192,7.512752847,7.553968569,7.560213018,,,,0.009766353,-0.031449369,-0.037693818
7.58968455,7.580145742,7.621475316,7.625457146,,,,0.009538808,-0.031790766,-0.035772596
7.58111025,7.571685304,7.612956753,7.616605675,,,,0.009424946,-0.031846503,-0.035495425
7.4339181,7.424086067,7.465182532,7.475939965,,,,0.009832033,-0.031264432,-0.042021865
7.54109685,7.531317221,7.572621401,7.57909179,,,,0.009779629,-0.031524551,-0.03799494
7.4796477,7.469790497,7.511058984,7.521455624,,,,0.009857203,-0.031411284,-0.041807924
7.5082287,7.498422768,7.539719027,7.548345642,,,,0.009805932,-0.031490327,-0.040116942
7.4653572,7.456511281,7.497683146,7.507212665,,,,0.008845919,-0.032325946,-0.041855465
7.545384,7.536791107,7.578036586,7.583262724,,,,0.008592893,-0.032652586,-0.037878724
7.50108345,7.492104684,7.533336475,7.541255044,,,,0.008978766,-0.032253025,-0.040171594
7.4825058,7.472577533,7.513858084,7.524266896,,,,0.009928267,-0.031352284,-0.041761096
7.5082287,7.498147696,7.539394942,7.547153857,,,,0.010081004,-0.031166242,-0.038925157
7.5025125,7.492614415,7.533813539,7.5411232,,,,0.009898085,-0.031301039,-0.0386107
7.5882555,7.578292431,7.619620978,7.623688441,,,,0.009963069,-0.031365478,-0.035432941
7.5082287,7.498916793,7.540148088,7.54757427,,,,0.009311907,-0.031919388,-0.03934557
7.4996544,7.490562598,7.531750781,7.539014507,,,,0.009091802,-0.032096381,-0.039360107
7.5225192,7.512854289,7.554139886,7.56153315,,,,0.009664911,-0.031620686,-0.03901395
7.45535385,7.445365848,7.486553093,7.497371786,,,,0.009988002,-0.031199243,-0.042017936
7.5225192,7.513315049,7.554548865,7.561048257,,,,0.009204151,-0.032029665,-0.038529057
7.4482086,7.438672972,7.47980825,7.490099024,,,,0.009535628,-0.03159965,-0.041890424
7.52109015,7.512229427,7.553536306,7.561342604,,,,0.008860723,-0.032446156,-0.040252454
7.50965775,7.500197833,7.541437319,7.548915795,,,,0.009459917,-0.031779569,-0.039258045
7.5025125,7.493831935,7.535072075,7.543014907,,,,0.008680565,-0.032559575,-0.040502407
7.4996544,7.490019938,7.531283374,7.539935364,,,,0.009634462,-0.031628974,-0.040280964
7.50394155,7.494509958,7.535765513,7.54393643,,,,0.009431592,-0.031823963,-0.03999488
7.5139449,7.505150657,7.546444024,7.554519089,,,,0.008794243,-0.032499124,-0.040574189
7.48965105,7.480518345,7.521744762,7.530427657,,,,0.009132705,-0.032093712,-0.040776607
7.54681305,7.538007495,7.579312651,7.585374213,,,,0.008805555,-0.032499601,-0.038561163
7.5196611,7.510853311,7.552155354,7.559974491,,,,0.008807789,-0.032494254,-0.040313391
7.4996544,7.490271312,7.531542119,7.540313351,,,,0.009383088,-0.031887719,-0.040658951
7.48965105,7.480058955,7.521292101,7.530137919,,,,0.009592095,-0.031641051,-0.040486869
7.47536055,7.465381141,7.506584754,7.516022754,,,,0.009979409,-0.031224204,-0.040662204
7.5310935,7.521152062,7.562432692,7.56918285,,,,0.009941438,-0.031339192,-0.03808935
7.54967115,7.540330146,7.581647439,7.587753581,,,,0.009341004,-0.031976289,-0.038082431
7.54681305,7.53689547,7.57820238,7.584361146,,,,0.00991758,-0.03138933,-0.037548096
7.5110868,7.501821945,7.54311742,7.551474926,,,,0.009264855,-0.03203062,-0.040388126
7.545384,7.535769725,7.57705994,7.583027988,,,,0.009614275,-0.03167594,-0.037643988
7.5482421,7.538320751,7.579629426,7.58572643,,,,0.009921349,-0.031387326,-0.03748433
7.53538065,7.525925644,7.567230124,7.574057136,,,,0.009455006,-0.031849474,-0.038676486
7.51251585,7.50297529,7.544222422,7.55163938,,,,0.00954056,-0.031706572,-0.03912353
7.49822535,7.489637858,7.530908797,7.539731233,,,,0.008587492,-0.032683447,-0.041505883
7.4853639,7.47568873,7.516928079,7.526238916,,,,0.00967517,-0.031564179,-0.040875016
7.53252255,7.523532436,7.564811014,7.571371911,,,,0.008990114,-0.032288464,-0.038849361
7.52966445,7.520984738,7.562261207,7.568954197,,,,0.008679712,-0.032596757,-0.039289747
7.50679965,7.498233075,7.539464903,7.546948062,,,,0.008566575,-0.032665253,-0.040148412
7.52394825,7.515129556,7.556388602,7.563181566,,,,0.008818694,-0.032440352,-0.039233316
7.52966445,7.520480438,7.561766982,7.568659106,,,,0.009184012,-0.032102532,-0.038994656
7.5196611,7.510942416,7.552181316,7.558919375,,,,0.008718684,-0.032520216,-0.039258275
7.52680635,7.51710138,7.55836155,7.565042883,,,,0.00970497,-0.0315552,-0.038236533
7.4853639,7.476423281,7.517637421,7.526403465,,,,0.008940619,-0.032273521,-0.041039565
7.5539583,7.545260929,7.586588796,7.592552683,,,,0.008697371,-0.032630496,-0.038594383
7.4653572,7.456221409,7.49740065,7.50710366,,,,0.009135791,-0.03204345,-0.04174646
7.5968298,7.587305884,7.628611083,7.631895062,,,,0.009523916,-0.031781283,-0.035065262
7.60969125,7.600229191,7.641658421,7.645916797,,,,0.009462059,-0.031967171,-0.036225547
7.4967963,7.486744417,7.528024792,7.537254405,,,,0.010051883,-0.031228492,-0.040458105
7.57825215,7.568750226,7.61017206,7.616137722,,,,0.009501924,-0.03191991,-0.037885572
7.44392145,7.434127558,7.475323466,7.487415936,,,,0.009793892,-0.031402016,-0.043494486
7.43534715,7.426535847,7.467701415,7.479827121,,,,0.008811303,-0.032354265,-0.044479971
7.5368097,7.527873762,7.569152413,7.575435213,,,,0.008935938,-0.032342713,-0.038625513
7.4510667,7.441024619,7.482263362,7.494695421,,,,0.010042081,-0.031196662,-0.043628721
7.4567829,7.447709226,7.488957896,7.500956463,,,,0.009073674,-0.032174996,-0.044173563
7.6254108,7.616202124,7.657628072,7.661002981,,,,0.009208676,-0.032217272,-0.035592181
7.4996544,7.489936973,7.531205999,7.539969316,,,,0.009717427,-0.031551599,-0.040314916
7.5939717,7.585252602,7.62656827,7.630094839,,,,0.008719098,-0.03259657,-0.036123139
7.4653572,7.455505101,7.496794937,7.508998298,,,,0.009852099,-0.031437737,-0.043641098
7.55538735,7.546373288,7.587781751,7.594968704,,,,0.009014062,-0.032394401,-0.039581354
7.5768231,7.567449851,7.608755872,7.613103808,,,,0.009373249,-0.031932772,-0.036280708
7.545384,7.535725584,7.577054348,7.583635988,,,,0.009658416,-0.031670348,-0.038251988
7.44392145,7.435090287,7.476301447,7.488666401,,,,0.008831163,-0.032379997,-0.044744951
7.52109015,7.512263865,7.553646832,7.562844845,,,,0.008826285,-0.032556682,-0.041754695
7.62683985,7.617873128,7.659304201,7.66266029,,,,0.008966722,-0.032464351,-0.03582044
7.4339181,7.424486688,7.465678148,7.478664716,,,,0.009431412,-0.031760048,-0.044746616
7.59825885,7.58945787,7.630830163,7.634892609,,,,0.00880098,-0.032571313,-0.036633759
7.4825058,7.472640195,7.513902241,7.523920458,,,,0.009865605,-0.031396441,-0.041414658
7.602546,7.593454125,7.634900351,7.639771715,,,,0.009091875,-0.032354351,-0.037225715
7.54681305,7.537501257,7.578839023,7.585451025,,,,0.009311793,-0.032025973,-0.038637975
7.45821195,7.448457018,7.489728427,7.502198313,,,,0.009754932,-0.031516477,-0.043986363
7.459641,7.450283747,7.491418721,7.500719767,,,,0.009357253,-0.031777721,-0.041078767
7.55824545,7.548842229,7.590183278,7.596129771,,,,0.009403221,-0.031937828,-0.037884321
7.516803,7.507414655,7.548735268,7.557137151,,,,0.009388345,-0.031932268,-0.040334151
7.5768231,7.567768628,7.609091368,7.613656052,,,,0.009054472,-0.032268268,-0.036832952
7.47536055,7.466028662,7.507215903,7.516279476,,,,0.009331888,-0.031855353,-0.040918926
7.573965,7.565074639,7.606337446,7.610220542,,,,0.008890361,-0.032372446,-0.036255542
7.50965775,7.500679074,7.541791135,7.547171019,,,,0.008978676,-0.032133385,-0.037513269
7.50965775,7.501074708,7.542224729,7.548167674,,,,0.008583042,-0.032566979,-0.038509924
7.4682153,7.458851142,7.500001217,7.5089118,,,,0.009364158,-0.031785917,-0.0406965
7.5396678,7.529939805,7.571115965,7.575727145,,,,0.009727995,-0.031448165,-0.036059345
7.4653572,7.455387473,7.496507277,7.505107886,,,,0.009969727,-0.031150077,-0.039750686
7.5225192,7.512642597,7.553796317,7.559086392,,,,0.009876603,-0.031277117,-0.036567192
7.5368097,7.527523009,7.568683749,7.573211216,,,,0.009286691,-0.031874049,-0.036401516
7.488222,7.478446363,7.519613667,7.527367569,,,,0.009775637,-0.031391667,-0.039145569
7.55538735,7.546899239,7.588160775,7.593033433,,,,0.008488111,-0.032773425,-0.037646083
7.57539405,7.566258715,7.607514413,7.611238706,,,,0.009135335,-0.032120363,-0.035844656
7.5282354,7.519080066,7.560271746,7.565748426,,,,0.009155334,-0.032036346,-0.037513026
7.5310935,7.52156649,7.562774621,7.568351017,,,,0.00952701,-0.031681121,-0.037257517
7.51251585,7.503618465,7.544786817,7.55085884,,,,0.008897385,-0.032270967,-0.03834299
7.49250915,7.482846994,7.523945546,7.530230682,,,,0.009662156,-0.031436396,-0.037721532
7.5339516,7.524212158,7.565353393,7.569789651,,,,0.009739442,-0.031401793,-0.035838051
7.5625326,7.553338635,7.594593257,7.59900326,,,,0.009193965,-0.032060657,-0.03647066
7.5511002,7.542090732,7.58323585,7.586754242,,,,0.009009468,-0.03213565,-0.035654042
7.5139449,7.504603223,7.545785288,7.55201305,,,,0.009341677,-0.031840388,-0.03806815
7.50108345,7.491258193,7.532451328,7.539751992,,,,0.009825257,-0.031367878,-0.038668542
7.5310935,7.522115787,7.563244777,7.567624935,,,,0.008977713,-0.032151277,-0.036531435
7.5082287,7.499348788,7.540542856,7.547309389,,,,0.008879912,-0.032314156,-0.039080689
7.48393485,7.474236177,7.515415165,7.523689847,,,,0.009698673,-0.031480315,-0.039754997
7.46392815,7.454884709,7.49599579,7.50446992,,,,0.009043441,-0.03206764,-0.04054177
7.4967963,7.487516716,7.528700739,7.536104639,,,,0.009279584,-0.031904439,-0.039308339
7.5625326,7.552814811,7.594002339,7.59752342,,,,0.009717789,-0.031469739,-0.03499082
7.5425259,7.533017899,7.574277934,7.579949944,,,,0.009508001,-0.031752034,-0.037424044
7.54681305,7.537508294,7.578723941,7.583471677,,,,0.009304756,-0.031910891,-0.036658627
7.44106335,7.432243522,7.473289708,7.482291471,,,,0.008819828,-0.032226358,-0.041228121
7.5082287,7.499064128,7.540182737,7.545761288,,,,0.009164572,-0.031954037,-0.037532588
7.602546,7.593217816,7.634485847,7.637005292,,,,0.009328184,-0.031939847,-0.034459292
7.61540745,7.606876272,7.648195871,7.650691288,,,,0.008531178,-0.032788421,-0.035283838
7.59825885,7.589521073,7.630803434,7.633683305,,,,0.008737777,-0.032544584,-0.035424455
7.5968298,7.588108566,7.629404766,7.632531793,,,,0.008721234,-0.032574966,-0.035701993
7.60969125,7.599992509,7.641262191,7.643477388,,,,0.009698741,-0.031570941,-0.033786138
7.6054041,7.5962202,7.637492298,7.639916984,,,,0.0091839,-0.032088198,-0.034512884
7.5968298,7.587631087,7.628897687,7.631672308,,,,0.009198713,-0.032067887,-0.034842508
7.63255605,7.623348713,7.664664669,7.66634545,,,,0.009207337,-0.032108619,-0.0337894
7.6225527,7.613869545,7.65519629,7.657444869,,,,0.008683155,-0.03264359,-0.034892169
7.59825885,7.588793922,7.630110623,7.633468036,,,,0.009464928,-0.031851773,-0.035209186
7.6168365,7.60808397,7.649384633,7.651591643,,,,0.00875253,-0.032548133,-0.034755143
7.62683985,7.618264812,7.659538413,7.660958844,,,,0.008575038,-0.032698563,-0.034118994
7.58111025,7.57131661,7.61257811,7.616114153,,,,0.00979364,-0.03146786,-0.035003903
7.5882555,7.578577903,7.619878405,7.623552499,,,,0.009677597,-0.031622905,-0.035296999
7.63541415,7.62659439,7.667907363,7.669406933,,,,0.00881976,-0.032493213,-0.033992783
7.58682645,7.578174541,7.619481386,7.623261531,,,,0.008651909,-0.032654936,-0.036435081
7.58396835,7.575188897,7.616449806,7.619777687,,,,0.008779453,-0.032481456,-0.035809337
7.60969125,7.600539525,7.641819816,7.644137866,,,,0.009151725,-0.032128566,-0.034446616
7.5968298,7.587703963,7.629020357,7.63242975,,,,0.009125837,-0.032190557,-0.03559995
7.57825215,7.569087083,7.610362508,7.614202177,,,,0.009165067,-0.032110358,-0.035950027
7.5996879,7.589900315,7.631222946,7.634600894,,,,0.009787585,-0.031535046,-0.034912994
7.5968298,7.587812536,7.629120769,7.632418253,,,,0.009017264,-0.032290969,-0.035588453
7.58968455,7.580181142,7.62147405,7.624963882,,,,0.009503408,-0.0317895,-0.035279332
7.57539405,7.565666328,7.606929042,7.610779285,,,,0.009727722,-0.031534992,-0.035385235
7.60683315,7.597145976,7.638451946,7.641252205,,,,0.009687174,-0.031618796,-0.034419055
7.6254108,7.615606932,7.656888014,7.658514607,,,,0.009803868,-0.031477214,-0.033103807
7.62112365,7.612626974,7.65391572,7.65576841,,,,0.008496676,-0.03279207,-0.03464476
7.5996879,7.591127337,7.63239488,7.635009848,,,,0.008560563,-0.03270698,-0.035321948
7.6254108,7.616315455,7.657584104,7.659034962,,,,0.009095345,-0.032173304,-0.033624162
7.59254265,7.58365332,7.624959087,7.628438228,,,,0.00888933,-0.032416437,-0.035895578
7.60683315,7.597689302,7.638932363,7.640935632,,,,0.009143848,-0.032099213,-0.034102482
7.58682645,7.577474206,7.618716825,7.621692627,,,,0.009352244,-0.031890375,-0.034866177
7.63255605,7.623445965,7.664750894,7.66629935,,,,0.009110085,-0.032194844,-0.0337433
7.5796812,7.571124294,7.612430959,7.616586691,,,,0.008556906,-0.032749759,-0.036905491
7.6054041,7.595902881,7.637164269,7.639473129,,,,0.009501219,-0.031760169,-0.034069029
7.6339851,7.62431439,7.66561237,7.667041861,,,,0.00967071,-0.03162727,-0.033056761
7.6196946,7.610917177,7.652217891,7.654292272,,,,0.008777423,-0.032523291,-0.034597672
7.60111695,7.591717129,7.632956664,7.635198873,,,,0.009399821,-0.031839714,-0.034081923
7.5711069,7.562099544,7.603343537,7.607130933,,,,0.009007356,-0.032236637,-0.036024033
7.62398175,7.614768077,7.656028992,7.657460284,,,,0.009213673,-0.032047242,-0.033478534
7.63541415,7.625662777,7.666955648,7.668266757,,,,0.009751373,-0.031541498,-0.032852607
7.60683315,7.597521356,7.638833469,7.641692483,,,,0.009311794,-0.032000319,-0.034859333
7.57253595,7.563588678,7.604874347,7.609151634,,,,0.008947272,-0.032338397,-0.036615684
7.6254108,7.615630806,7.656881438,7.658156724,,,,0.009779994,-0.031470638,-0.032745924
7.5711069,7.561360026,7.602639168,7.606948243,,,,0.009746874,-0.031532268,-0.035841343
7.56967785,7.5602889,7.601529091,7.605361585,,,,0.00938895,-0.031851241,-0.035683735
7.59254265,7.583533865,7.624845177,7.628403598,,,,0.009008785,-0.032302527,-0.035860948
7.5653907,7.556584545,7.597837242,7.60204125,,,,0.008806155,-0.032446542,-0.03665055
7.60397505,7.594537895,7.635784914,7.637984063,,,,0.009437155,-0.031809864,-0.034009013
7.6282689,7.619404956,7.66070373,7.662363707,,,,0.008863944,-0.03243483,-0.034094807
7.60111695,7.591252412,7.63253134,7.635282385,,,,0.009864538,-0.03141439,-0.034165435
7.60683315,7.597080602,7.638381134,7.641116434,,,,0.009752548,-0.031547984,-0.034283284
7.5711069,7.562505133,7.603783541,7.608019525,,,,0.008601767,-0.032676641,-0.036912625
7.5796812,7.571091681,7.612370186,7.616144859,,,,0.008589519,-0.032688986,-0.036463659
7.6282689,7.618813469,7.660133097,7.662065109,,,,0.009455431,-0.031864197,-0.033796209
7.6139784,7.60451072,7.645794587,7.647967612,,,,0.00946768,-0.031816187,-0.033989212
7.5882555,7.578747948,7.620059567,7.623873441,,,,0.009507552,-0.031804067,-0.035617941
7.59254265,7.582988613,7.624265434,7.627402013,,,,0.009554037,-0.031722784,-0.034859363
7.5968298,7.587357666,7.628641682,7.631650484,,,,0.009472134,-0.031811882,-0.034820684
7.62969795,7.620188324,7.661476054,7.6629727,,,,0.009509626,-0.031778104,-0.03327475
7.58968455,7.580115626,7.621378963,7.624487318,,,,0.009568924,-0.031694413,-0.034802768
